Date,Open,High,Low,Close,Change (Pips),Change (%)
Jul 05 2017 09:00,113.567,113.585,113.506,113.551,-1.6,-0.01%
Jul 05 2017 08:00,113.485,113.595,113.485,113.565,8,0.07%
Jul 05 2017 07:00,113.234,113.583,113.203,113.487,25.3,0.22%
Jul 05 2017 06:00,113.188,113.313,113.176,113.229,4.1,0.04%
Jul 05 2017 05:00,113.165,113.244,113.144,113.189,2.4,0.02%
Jul 05 2017 04:00,113.044,113.166,113.038,113.165,12.1,0.11%
Jul 05 2017 03:00,112.941,113.086,112.941,113.043,10.2,0.09%
Jul 05 2017 02:00,112.892,112.973,112.826,112.944,5.2,0.05%
Jul 05 2017 01:00,113.03,113.058,112.862,112.892,-13.8,-0.12%
Jul 05 2017 00:00,112.971,113.093,112.922,113.032,6.1,0.05%
Jul 04 2017 23:00,113.056,113.132,112.902,112.968,-8.8,-0.08%
Jul 04 2017 22:00,113.301,113.357,112.979,113.054,-24.7,-0.22%
Jul 04 2017 21:00,113.27,113.324,113.26,113.303,3.3,0.03%
Jul 04 2017 20:00,113.266,113.289,113.248,113.283,1.7,0.02%
Jul 04 2017 19:00,113.211,113.267,113.205,113.265,5.4,0.05%
Jul 04 2017 18:00,113.198,113.219,113.183,113.207,0.9,0.01%
Jul 04 2017 17:00,113.183,113.209,113.178,113.203,2,0.02%
Jul 04 2017 16:00,113.177,113.218,113.17,113.182,0.5,0.00%
Jul 04 2017 15:00,113.126,113.2,113.124,113.176,5,0.04%
Jul 04 2017 14:00,113.217,113.23,113.118,113.129,-8.8,-0.08%
Jul 04 2017 13:00,113.194,113.25,113.19,113.215,2.1,0.02%
Jul 04 2017 12:00,113.181,113.26,113.17,113.193,1.2,0.01%
Jul 04 2017 11:00,113.191,113.202,113.141,113.181,-1,-0.01%
Jul 04 2017 10:00,113.192,113.214,113.135,113.192,0,0.00%
Jul 04 2017 09:00,113.183,113.261,113.166,113.191,0.8,0.01%
Jul 04 2017 08:00,113.111,113.286,113.099,113.185,7.4,0.07%
Jul 04 2017 07:00,112.845,113.13,112.844,113.111,26.6,0.24%
Jul 04 2017 06:00,112.952,113.045,112.74,112.844,-10.8,-0.10%
Jul 04 2017 05:00,113.132,113.132,112.888,112.952,-18,-0.16%
Jul 04 2017 04:00,113.196,113.222,113.082,113.13,-6.6,-0.06%
Jul 04 2017 03:00,113.235,113.259,113.167,113.196,-3.9,-0.03%
Jul 04 2017 02:00,113.248,113.297,113.225,113.234,-1.4,-0.01%
Jul 04 2017 01:00,113.167,113.278,113.129,113.248,8.1,0.07%
Jul 04 2017 00:00,113.384,113.391,113.136,113.169,-21.5,-0.19%
Jul 03 2017 23:00,113.324,113.401,113.323,113.383,5.9,0.05%
Jul 03 2017 22:00,113.393,113.413,113.311,113.326,-6.7,-0.06%
Jul 03 2017 21:00,113.349,113.451,113.255,113.389,4,0.04%
Jul 03 2017 20:00,113.448,113.473,113.382,113.384,-6.4,-0.06%
Jul 03 2017 19:00,113.39,113.448,113.375,113.448,5.8,0.05%
Jul 03 2017 18:00,113.411,113.444,113.371,113.391,-2,-0.02%
Jul 03 2017 17:00,113.393,113.409,113.314,113.407,1.4,0.01%
Jul 03 2017 16:00,113.33,113.419,113.271,113.398,6.8,0.06%
Jul 03 2017 15:00,113.299,113.457,113.29,113.327,2.8,0.02%
Jul 03 2017 14:00,113.041,113.318,113.041,113.296,25.5,0.23%
Jul 03 2017 13:00,112.985,113.091,112.978,113.026,4.1,0.04%
Jul 03 2017 12:00,112.98,113.011,112.85,112.987,0.7,0.01%
Jul 03 2017 11:00,113.039,113.054,112.946,112.979,-6,-0.05%
Jul 03 2017 10:00,112.91,113.081,112.906,113.041,13.1,0.12%
Jul 03 2017 09:00,112.897,112.913,112.833,112.908,1.1,0.01%
Jul 03 2017 08:00,112.79,112.941,112.786,112.895,10.5,0.09%
Jul 03 2017 07:00,112.553,112.867,112.525,112.787,23.4,0.21%
Jul 03 2017 06:00,112.491,112.644,112.474,112.554,6.3,0.06%
Jul 03 2017 05:00,112.541,112.547,112.452,112.49,-5.1,-0.05%
Jul 03 2017 04:00,112.533,112.575,112.497,112.543,1,0.01%
Jul 03 2017 03:00,112.427,112.548,112.393,112.531,10.4,0.09%
Jul 03 2017 02:00,112.356,112.444,112.333,112.429,7.3,0.06%
Jul 03 2017 01:00,112.254,112.369,112.24,112.355,10.1,0.09%
Jul 03 2017 00:00,112.244,112.349,112.198,112.257,1.3,0.01%
Jul 02 2017 23:00,112.274,112.385,112.228,112.242,-3.2,-0.03%
Jul 02 2017 22:00,112.215,112.346,112.215,112.279,6.4,0.06%
Jul 02 2017 21:00,112.11,112.262,112.096,112.218,10.8,0.10%
Jun 30 2017 20:00,112.464,112.501,112.39,112.409,-5.5,-0.05%
Jun 30 2017 19:00,112.597,112.598,112.445,112.461,-13.6,-0.12%
Jun 30 2017 18:00,112.39,112.602,112.376,112.596,20.6,0.18%
Jun 30 2017 17:00,112.35,112.462,112.314,112.392,4.2,0.04%
Jun 30 2017 16:00,112.398,112.456,112.311,112.354,-4.4,-0.04%
Jun 30 2017 15:00,112.343,112.397,112.293,112.396,5.3,0.05%
Jun 30 2017 14:00,112.151,112.376,112.009,112.343,19.2,0.17%
Jun 30 2017 13:00,112.129,112.262,112.027,112.151,2.2,0.02%
Jun 30 2017 12:00,111.989,112.24,111.857,112.127,13.8,0.12%
Jun 30 2017 11:00,112.012,112.049,111.935,111.989,-2.3,-0.02%
Jun 30 2017 10:00,111.96,112.053,111.931,112.009,4.9,0.04%
Jun 30 2017 09:00,111.882,111.996,111.82,111.966,8.4,0.08%
Jun 30 2017 08:00,112.057,112.08,111.851,111.879,-17.8,-0.16%
Jun 30 2017 07:00,112.033,112.152,111.852,112.058,2.5,0.02%
Jun 30 2017 06:00,111.996,112.094,111.915,112.032,3.6,0.03%
Jun 30 2017 05:00,111.904,112.011,111.89,111.995,9.1,0.08%
Jun 30 2017 04:00,111.831,111.907,111.761,111.904,7.3,0.07%
Jun 30 2017 03:00,111.834,111.884,111.81,111.833,-0.1,0.00%
Jun 30 2017 02:00,112.029,112.029,111.732,111.836,-19.3,-0.17%
Jun 30 2017 01:00,111.97,112.041,111.855,112.026,5.6,0.05%
Jun 30 2017 00:00,111.993,112.138,111.907,111.971,-2.2,-0.02%
Jun 29 2017 23:00,111.962,112.034,111.889,111.989,2.7,0.02%
Jun 29 2017 22:00,112.13,112.147,111.927,111.965,-16.5,-0.15%
Jun 29 2017 21:00,112.176,112.176,112.048,112.124,-5.2,-0.05%
Jun 29 2017 20:00,112.061,112.174,112.055,112.166,10.5,0.09%
Jun 29 2017 19:00,112.07,112.1,112.008,112.063,-0.7,-0.01%
Jun 29 2017 18:00,111.95,112.073,111.878,112.068,11.8,0.11%
Jun 29 2017 17:00,111.971,112.065,111.812,111.95,-2.1,-0.02%
Jun 29 2017 16:00,112.312,112.355,111.9,111.969,-34.3,-0.31%
Jun 29 2017 15:00,112.607,112.61,112.26,112.31,-29.7,-0.26%
Jun 29 2017 14:00,112.618,112.637,112.408,112.608,-1,-0.01%
Jun 29 2017 13:00,112.85,112.927,112.566,112.621,-22.9,-0.20%
Jun 29 2017 12:00,112.68,112.873,112.611,112.848,16.8,0.15%
Jun 29 2017 11:00,112.55,112.746,112.54,112.681,13.1,0.12%
Jun 29 2017 10:00,112.427,112.598,112.392,112.553,12.6,0.11%
Jun 29 2017 09:00,112.557,112.63,112.415,112.423,-13.4,-0.12%
Jun 29 2017 08:00,112.506,112.638,112.506,112.557,5.1,0.05%
Jun 29 2017 07:00,112.314,112.51,112.28,112.506,19.2,0.17%
Jun 29 2017 06:00,112.193,112.356,112.134,112.312,11.9,0.11%
Jun 29 2017 05:00,112.25,112.258,112.165,112.197,-5.3,-0.05%
Jun 29 2017 04:00,112.282,112.299,112.239,112.25,-3.2,-0.03%
Jun 29 2017 03:00,112.259,112.297,112.248,112.279,2,0.02%
Jun 29 2017 02:00,112.214,112.269,112.179,112.261,4.7,0.04%
Jun 29 2017 01:00,112.232,112.279,112.161,112.217,-1.5,-0.01%
Jun 29 2017 00:00,112.351,112.38,112.224,112.227,-12.4,-0.11%
Jun 28 2017 23:00,112.33,112.383,112.289,112.35,2,0.02%
Jun 28 2017 22:00,112.281,112.477,112.281,112.335,5.4,0.05%
Jun 28 2017 21:00,112.279,112.325,112.245,112.279,0,0.00%
Jun 28 2017 20:00,112.246,112.339,112.246,112.33,8.4,0.07%
Jun 28 2017 19:00,112.26,112.286,112.2,112.242,-1.8,-0.02%
Jun 28 2017 18:00,112.308,112.361,112.258,112.263,-4.5,-0.04%
Jun 28 2017 17:00,112.223,112.317,112.177,112.306,8.3,0.07%
Jun 28 2017 16:00,112.172,112.26,112.137,112.226,5.4,0.05%
Jun 28 2017 15:00,112.138,112.209,112.117,112.168,3,0.03%
Jun 28 2017 14:00,112.095,112.267,112.017,112.142,4.7,0.04%
Jun 28 2017 13:00,112.064,112.315,112.022,112.096,3.2,0.03%
Jun 28 2017 12:00,112.119,112.149,111.922,112.059,-6,-0.05%
Jun 28 2017 11:00,112.176,112.182,112.055,112.119,-5.7,-0.05%
Jun 28 2017 10:00,112.172,112.227,112.143,112.176,0.4,0.00%
Jun 28 2017 09:00,111.954,112.192,111.924,112.172,21.8,0.19%
Jun 28 2017 08:00,112.145,112.179,111.829,111.956,-18.9,-0.17%
Jun 28 2017 07:00,112.35,112.414,112.093,112.143,-20.7,-0.18%
Jun 28 2017 06:00,112.162,112.401,112.125,112.355,19.3,0.17%
Jun 28 2017 05:00,112.115,112.24,112.115,112.159,4.4,0.04%
Jun 28 2017 04:00,112.111,112.141,112.08,112.115,0.4,0.00%
Jun 28 2017 03:00,112.074,112.122,112.035,112.109,3.5,0.03%
Jun 28 2017 02:00,112.099,112.137,112.03,112.073,-2.6,-0.02%
Jun 28 2017 01:00,112.13,112.217,112.073,112.098,-3.2,-0.03%
Jun 28 2017 00:00,112.196,112.24,112.061,112.131,-6.5,-0.06%
Jun 27 2017 23:00,112.239,112.258,112.164,112.196,-4.3,-0.04%
Jun 27 2017 22:00,112.273,112.304,112.235,112.239,-3.4,-0.03%
Jun 27 2017 21:00,112.342,112.353,112.22,112.274,-6.8,-0.06%
Jun 27 2017 20:00,112.171,112.368,112.156,112.35,17.9,0.16%
Jun 27 2017 19:00,112.148,112.176,112.082,112.174,2.6,0.02%
Jun 27 2017 18:00,112.223,112.24,112.063,112.144,-7.9,-0.07%
Jun 27 2017 17:00,112.38,112.442,112.185,112.227,-15.3,-0.14%
Jun 27 2017 16:00,112.42,112.466,112.273,112.377,-4.3,-0.04%
Jun 27 2017 15:00,112.217,112.45,112.204,112.422,20.5,0.18%
Jun 27 2017 14:00,111.948,112.246,111.947,112.218,27,0.24%
Jun 27 2017 13:00,111.952,111.975,111.827,111.945,-0.7,-0.01%
Jun 27 2017 12:00,111.942,111.993,111.842,111.955,1.3,0.01%
Jun 27 2017 11:00,111.769,111.945,111.767,111.936,16.7,0.15%
Jun 27 2017 10:00,111.73,111.804,111.685,111.771,4.1,0.04%
Jun 27 2017 09:00,111.594,111.748,111.58,111.732,13.8,0.12%
Jun 27 2017 08:00,111.632,111.632,111.459,111.59,-4.2,-0.04%
Jun 27 2017 07:00,111.677,111.75,111.61,111.634,-4.3,-0.04%
Jun 27 2017 06:00,111.803,111.819,111.612,111.68,-12.3,-0.11%
Jun 27 2017 05:00,111.825,111.836,111.759,111.801,-2.4,-0.02%
Jun 27 2017 04:00,111.882,111.918,111.823,111.825,-5.7,-0.05%
Jun 27 2017 03:00,111.905,111.913,111.855,111.886,-1.9,-0.02%
Jun 27 2017 02:00,111.946,111.972,111.856,111.899,-4.7,-0.04%
Jun 27 2017 01:00,111.965,112.075,111.933,111.948,-1.7,-0.02%
Jun 27 2017 00:00,111.871,111.995,111.871,111.967,9.6,0.09%
Jun 26 2017 23:00,111.864,111.909,111.852,111.869,0.5,0.00%
Jun 26 2017 22:00,111.856,111.888,111.838,111.865,0.9,0.01%
Jun 26 2017 21:00,111.843,111.876,111.825,111.854,1.1,0.01%
Jun 26 2017 20:00,111.865,111.92,111.853,111.862,-0.3,0.00%
Jun 26 2017 19:00,111.884,111.943,111.845,111.862,-2.2,-0.02%
Jun 26 2017 18:00,111.681,111.935,111.652,111.886,20.5,0.18%
Jun 26 2017 17:00,111.695,111.7,111.618,111.684,-1.1,-0.01%
Jun 26 2017 16:00,111.486,111.712,111.479,111.696,21,0.19%
Jun 26 2017 15:00,111.436,111.525,111.388,111.485,4.9,0.04%
Jun 26 2017 14:00,111.529,111.559,111.363,111.434,-9.5,-0.09%
Jun 26 2017 13:00,111.442,111.535,111.373,111.532,9,0.08%
Jun 26 2017 12:00,111.655,111.706,111.354,111.441,-21.4,-0.19%
Jun 26 2017 11:00,111.649,111.727,111.634,111.656,0.7,0.01%
Jun 26 2017 10:00,111.683,111.701,111.579,111.65,-3.3,-0.03%
Jun 26 2017 09:00,111.644,111.717,111.641,111.685,4.1,0.04%
Jun 26 2017 08:00,111.455,111.671,111.439,111.639,18.4,0.16%
Jun 26 2017 07:00,111.387,111.492,111.387,111.457,7,0.06%
Jun 26 2017 06:00,111.296,111.395,111.293,111.389,9.3,0.08%
Jun 26 2017 05:00,111.315,111.323,111.283,111.295,-2,-0.02%
Jun 26 2017 04:00,111.308,111.339,111.296,111.315,0.7,0.01%
Jun 26 2017 03:00,111.289,111.32,111.276,111.306,1.7,0.02%
Jun 26 2017 02:00,111.322,111.33,111.275,111.29,-3.2,-0.03%
Jun 26 2017 01:00,111.288,111.326,111.271,111.32,3.2,0.03%
Jun 26 2017 00:00,111.235,111.349,111.211,111.29,5.5,0.05%
Jun 25 2017 23:00,111.218,111.258,111.21,111.234,1.6,0.01%
Jun 25 2017 22:00,111.26,111.277,111.2,111.219,-4.1,-0.04%
Jun 25 2017 21:00,111.138,111.321,111.124,111.251,11.3,0.10%
Jun 23 2017 20:00,111.255,111.314,111.25,111.274,1.9,0.02%
Jun 23 2017 19:00,111.257,111.263,111.193,111.252,-0.5,0.00%
Jun 23 2017 18:00,111.287,111.295,111.24,111.264,-2.3,-0.02%
Jun 23 2017 17:00,111.297,111.313,111.245,111.284,-1.3,-0.01%
Jun 23 2017 16:00,111.265,111.322,111.238,111.296,3.1,0.03%
Jun 23 2017 15:00,111.264,111.293,111.205,111.267,0.3,0.00%
Jun 23 2017 14:00,111.265,111.327,111.243,111.269,0.4,0.00%
Jun 23 2017 13:00,111.308,111.338,111.155,111.26,-4.8,-0.04%
Jun 23 2017 12:00,111.239,111.335,111.2,111.308,6.9,0.06%
Jun 23 2017 11:00,111.233,111.263,111.205,111.239,0.6,0.01%
Jun 23 2017 10:00,111.206,111.251,111.151,111.233,2.7,0.02%
Jun 23 2017 09:00,111.206,111.313,111.197,111.207,0.1,0.00%
Jun 23 2017 08:00,111.288,111.296,111.165,111.209,-7.9,-0.07%
Jun 23 2017 07:00,111.273,111.36,111.25,111.282,0.9,0.01%
Jun 23 2017 06:00,111.288,111.314,111.213,111.273,-1.5,-0.01%
Jun 23 2017 05:00,111.325,111.325,111.247,111.293,-3.2,-0.03%
Jun 23 2017 04:00,111.314,111.349,111.314,111.327,1.3,0.01%
Jun 23 2017 03:00,111.344,111.367,111.305,111.31,-3.4,-0.03%
Jun 23 2017 02:00,111.317,111.368,111.31,111.348,3.1,0.03%
Jun 23 2017 01:00,111.393,111.432,111.303,111.316,-7.7,-0.07%
Jun 23 2017 00:00,111.294,111.401,111.22,111.39,9.6,0.09%
Jun 22 2017 23:00,111.285,111.305,111.236,111.297,1.2,0.01%
Jun 22 2017 22:00,111.278,111.314,111.273,111.281,0.3,0.00%
Jun 22 2017 21:00,111.32,111.323,111.238,111.278,-4.2,-0.04%
Jun 22 2017 20:00,111.239,111.325,111.229,111.313,7.4,0.07%
Jun 22 2017 19:00,111.35,111.358,111.238,111.242,-10.8,-0.10%
Jun 22 2017 18:00,111.4,111.447,111.315,111.348,-5.2,-0.05%
Jun 22 2017 17:00,111.314,111.422,111.289,111.396,8.2,0.07%
Jun 22 2017 16:00,111.371,111.38,111.285,111.316,-5.5,-0.05%
Jun 22 2017 15:00,111.357,111.432,111.308,111.368,1.1,0.01%
Jun 22 2017 14:00,111.153,111.446,111.113,111.356,20.3,0.18%
Jun 22 2017 13:00,111.125,111.247,111.075,111.147,2.2,0.02%
Jun 22 2017 12:00,111.323,111.365,111.108,111.125,-19.8,-0.18%
Jun 22 2017 11:00,111.288,111.375,111.287,111.323,3.5,0.03%
Jun 22 2017 10:00,111.109,111.31,111.098,111.283,17.4,0.16%
Jun 22 2017 09:00,111.09,111.142,111.026,111.114,2.4,0.02%
Jun 22 2017 08:00,111.009,111.099,110.997,111.085,7.6,0.07%
Jun 22 2017 07:00,111.127,111.128,110.956,111.014,-11.3,-0.10%
Jun 22 2017 06:00,110.977,111.168,110.976,111.124,14.7,0.13%
Jun 22 2017 05:00,111.111,111.154,110.975,110.98,-13.1,-0.12%
Jun 22 2017 04:00,111.151,111.153,111.078,111.108,-4.3,-0.04%
Jun 22 2017 03:00,111.023,111.168,110.996,111.15,12.7,0.11%
Jun 22 2017 02:00,111.136,111.145,110.951,111.026,-11,-0.10%
Jun 22 2017 01:00,111.132,111.179,111.066,111.134,0.2,0.00%
Jun 22 2017 00:00,111.329,111.353,111.11,111.133,-19.6,-0.18%
Jun 21 2017 23:00,111.361,111.361,111.255,111.325,-3.6,-0.03%
Jun 21 2017 22:00,111.409,111.428,111.334,111.363,-4.6,-0.04%
Jun 21 2017 21:00,111.374,111.427,111.33,111.408,3.4,0.03%
Jun 21 2017 20:00,111.344,111.437,111.322,111.375,3.1,0.03%
Jun 21 2017 19:00,111.315,111.371,111.281,111.344,2.9,0.03%
Jun 21 2017 18:00,111.326,111.355,111.238,111.315,-1.1,-0.01%
Jun 21 2017 17:00,111.368,111.407,111.293,111.326,-4.2,-0.04%
Jun 21 2017 16:00,111.591,111.593,111.348,111.37,-22.1,-0.20%
Jun 21 2017 15:00,111.579,111.621,111.403,111.593,1.4,0.01%
Jun 21 2017 14:00,111.622,111.74,111.554,111.578,-4.4,-0.04%
Jun 21 2017 13:00,111.548,111.664,111.523,111.622,7.4,0.07%
Jun 21 2017 12:00,111.41,111.603,111.41,111.548,13.8,0.12%
Jun 21 2017 11:00,111.223,111.419,111.223,111.405,18.2,0.16%
Jun 21 2017 10:00,111.098,111.233,111.091,111.223,12.5,0.11%
Jun 21 2017 09:00,111.181,111.236,111.068,111.099,-8.2,-0.07%
Jun 21 2017 08:00,111.133,111.195,111.103,111.179,4.6,0.04%
Jun 21 2017 07:00,111.302,111.321,111.075,111.134,-16.8,-0.15%
Jun 21 2017 06:00,111.233,111.31,111.215,111.302,6.9,0.06%
Jun 21 2017 05:00,111.279,111.329,111.227,111.234,-4.5,-0.04%
Jun 21 2017 04:00,111.23,111.287,111.222,111.282,5.2,0.05%
Jun 21 2017 03:00,111.27,111.299,111.189,111.23,-4,-0.04%
Jun 21 2017 02:00,111.348,111.364,111.247,111.268,-8,-0.07%
Jun 21 2017 01:00,111.367,111.416,111.332,111.343,-2.4,-0.02%
Jun 21 2017 00:00,111.337,111.413,111.255,111.37,3.3,0.03%
Jun 20 2017 23:00,111.379,111.379,111.266,111.336,-4.3,-0.04%
Jun 20 2017 22:00,111.452,111.487,111.376,111.382,-7,-0.06%
Jun 20 2017 21:00,111.448,111.488,111.425,111.447,-0.1,0.00%
Jun 20 2017 20:00,111.457,111.486,111.438,111.443,-1.4,-0.01%
Jun 20 2017 19:00,111.399,111.482,111.395,111.462,6.3,0.06%
Jun 20 2017 18:00,111.459,111.513,111.378,111.394,-6.5,-0.06%
Jun 20 2017 17:00,111.461,111.569,111.441,111.463,0.2,0.00%
Jun 20 2017 16:00,111.464,111.517,111.397,111.463,-0.1,0.00%
Jun 20 2017 15:00,111.665,111.728,111.454,111.46,-20.5,-0.18%
Jun 20 2017 14:00,111.616,111.686,111.477,111.665,4.9,0.04%
Jun 20 2017 13:00,111.475,111.651,111.435,111.617,14.2,0.13%
Jun 20 2017 12:00,111.595,111.599,111.306,111.473,-12.2,-0.11%
Jun 20 2017 11:00,111.534,111.655,111.505,111.596,6.2,0.06%
Jun 20 2017 10:00,111.542,111.572,111.465,111.536,-0.6,-0.01%
Jun 20 2017 09:00,111.589,111.654,111.509,111.54,-4.9,-0.04%
Jun 20 2017 08:00,111.667,111.671,111.548,111.588,-7.9,-0.07%
Jun 20 2017 07:00,111.648,111.785,111.578,111.666,1.8,0.02%
Jun 20 2017 06:00,111.574,111.664,111.537,111.646,7.2,0.06%
Jun 20 2017 05:00,111.662,111.697,111.555,111.577,-8.5,-0.08%
Jun 20 2017 04:00,111.686,111.69,111.639,111.659,-2.7,-0.02%
Jun 20 2017 03:00,111.657,111.699,111.646,111.689,3.2,0.03%
Jun 20 2017 02:00,111.647,111.705,111.642,111.661,1.4,0.01%
Jun 20 2017 01:00,111.723,111.756,111.621,111.643,-8,-0.07%
Jun 20 2017 00:00,111.695,111.775,111.669,111.722,2.7,0.02%
Jun 19 2017 23:00,111.641,111.742,111.624,111.696,5.5,0.05%
Jun 19 2017 22:00,111.567,111.693,111.553,111.642,7.5,0.07%
Jun 19 2017 21:00,111.52,111.586,111.498,111.564,4.4,0.04%
Jun 19 2017 20:00,111.578,111.584,111.509,111.525,-5.3,-0.05%
Jun 19 2017 19:00,111.533,111.6,111.523,111.578,4.5,0.04%
Jun 19 2017 18:00,111.473,111.543,111.445,111.532,5.9,0.05%
Jun 19 2017 17:00,111.424,111.558,111.419,111.476,5.2,0.05%
Jun 19 2017 16:00,111.334,111.469,111.325,111.422,8.8,0.08%
Jun 19 2017 15:00,111.266,111.344,111.241,111.333,6.7,0.06%
Jun 19 2017 14:00,111.344,111.39,111.224,111.266,-7.8,-0.07%
Jun 19 2017 13:00,111.262,111.356,111.223,111.347,8.5,0.08%
Jun 19 2017 12:00,111.052,111.332,110.907,111.261,20.9,0.19%
Jun 19 2017 11:00,110.968,111.109,110.954,111.056,8.8,0.08%
Jun 19 2017 10:00,110.97,111.01,110.931,110.968,-0.2,0.00%
Jun 19 2017 09:00,111.027,111.05,110.921,110.968,-5.9,-0.05%
Jun 19 2017 08:00,111.107,111.133,111.006,111.029,-7.8,-0.07%
Jun 19 2017 07:00,111.01,111.208,111.006,111.106,9.6,0.09%
Jun 19 2017 06:00,111.021,111.109,110.996,111.01,-1.1,-0.01%
Jun 19 2017 05:00,110.974,111.021,110.908,111.019,4.5,0.04%
Jun 19 2017 04:00,111.039,111.051,110.972,110.978,-6.1,-0.05%
Jun 19 2017 03:00,110.989,111.066,110.984,111.042,5.3,0.05%
Jun 19 2017 02:00,110.969,111.041,110.947,110.988,1.9,0.02%
Jun 19 2017 01:00,111.066,111.097,110.945,110.969,-9.7,-0.09%
Jun 19 2017 00:00,110.972,111.136,110.933,111.065,9.3,0.08%
Jun 18 2017 23:00,110.846,110.976,110.84,110.969,12.3,0.11%
Jun 18 2017 22:00,110.818,110.904,110.781,110.848,3,0.03%
Jun 18 2017 21:00,110.855,110.896,110.727,110.818,-3.7,-0.03%
Jun 16 2017 20:00,110.837,110.898,110.825,110.857,2,0.02%
Jun 16 2017 19:00,110.841,110.875,110.781,110.841,0,0.00%
Jun 16 2017 18:00,110.844,110.85,110.797,110.837,-0.7,-0.01%
Jun 16 2017 17:00,110.831,110.872,110.767,110.849,1.8,0.02%
Jun 16 2017 16:00,110.84,110.914,110.822,110.824,-1.6,-0.01%
Jun 16 2017 15:00,110.674,110.862,110.658,110.838,16.4,0.15%
Jun 16 2017 14:00,110.877,110.969,110.646,110.677,-20,-0.18%
Jun 16 2017 13:00,111.103,111.132,110.82,110.878,-22.5,-0.20%
Jun 16 2017 12:00,111.387,111.395,111.098,111.104,-28.3,-0.25%
Jun 16 2017 11:00,111.273,111.42,111.271,111.384,11.1,0.10%
Jun 16 2017 10:00,111.315,111.338,111.237,111.268,-4.7,-0.04%
Jun 16 2017 09:00,111.327,111.336,111.247,111.317,-1,-0.01%
Jun 16 2017 08:00,111.177,111.367,111.174,111.327,15,0.13%
Jun 16 2017 07:00,111.222,111.285,111.117,111.175,-4.7,-0.04%
Jun 16 2017 06:00,111.151,111.379,111.052,111.225,7.4,0.07%
Jun 16 2017 05:00,111.215,111.24,111.054,111.152,-6.3,-0.06%
Jun 16 2017 04:00,111.201,111.272,111.187,111.218,1.7,0.02%
Jun 16 2017 03:00,111.115,111.259,111.113,111.202,8.7,0.08%
Jun 16 2017 02:00,111.143,111.271,110.998,111.115,-2.8,-0.03%
Jun 16 2017 01:00,111.079,111.164,111.021,111.146,6.7,0.06%
Jun 16 2017 00:00,110.997,111.154,110.988,111.08,8.3,0.07%
Jun 15 2017 23:00,110.863,110.995,110.84,110.993,13,0.12%
Jun 15 2017 22:00,110.872,110.91,110.847,110.861,-1.1,-0.01%
Jun 15 2017 21:00,110.902,110.923,110.828,110.873,-2.9,-0.03%
Jun 15 2017 20:00,110.92,110.952,110.891,110.942,2.2,0.02%
Jun 15 2017 19:00,110.862,110.922,110.819,110.922,6,0.05%
Jun 15 2017 18:00,110.965,110.973,110.857,110.863,-10.2,-0.09%
Jun 15 2017 17:00,110.95,110.982,110.832,110.964,1.4,0.01%
Jun 15 2017 16:00,110.656,110.968,110.651,110.949,29.3,0.26%
Jun 15 2017 15:00,110.619,110.77,110.518,110.652,3.3,0.03%
Jun 15 2017 14:00,110.429,110.784,110.408,110.623,19.4,0.18%
Jun 15 2017 13:00,110.335,110.464,110.208,110.425,9,0.08%
Jun 15 2017 12:00,110.119,110.399,110.082,110.332,21.3,0.19%
Jun 15 2017 11:00,109.678,110.159,109.678,110.119,44.1,0.40%
Jun 15 2017 10:00,109.773,109.8,109.634,109.676,-9.7,-0.09%
Jun 15 2017 09:00,109.628,109.814,109.616,109.776,14.8,0.13%
Jun 15 2017 08:00,109.515,109.659,109.493,109.628,11.3,0.10%
Jun 15 2017 07:00,109.661,109.698,109.474,109.509,-15.2,-0.14%
Jun 15 2017 06:00,109.603,109.714,109.566,109.66,5.7,0.05%
Jun 15 2017 05:00,109.625,109.739,109.608,109.608,-1.7,-0.02%
Jun 15 2017 04:00,109.583,109.628,109.565,109.625,4.2,0.04%
Jun 15 2017 03:00,109.538,109.612,109.538,109.582,4.4,0.04%
Jun 15 2017 02:00,109.585,109.611,109.514,109.534,-5.1,-0.05%
Jun 15 2017 01:00,109.7,109.705,109.505,109.586,-11.4,-0.10%
Jun 15 2017 00:00,109.446,109.802,109.396,109.703,25.7,0.23%
Jun 14 2017 23:00,109.345,109.453,109.269,109.446,10.1,0.09%
Jun 14 2017 22:00,109.671,109.686,109.282,109.344,-32.7,-0.30%
Jun 14 2017 21:00,109.559,109.686,109.551,109.671,11.2,0.10%
Jun 14 2017 20:00,109.657,109.675,109.541,109.581,-7.6,-0.07%
Jun 14 2017 19:00,109.559,109.867,109.462,109.654,9.5,0.09%
Jun 14 2017 18:00,109.1,109.711,108.804,109.559,45.9,0.42%
Jun 14 2017 17:00,109.091,109.202,109.07,109.104,1.3,0.01%
Jun 14 2017 16:00,109.156,109.188,109.052,109.088,-6.8,-0.06%
Jun 14 2017 15:00,108.946,109.192,108.936,109.158,21.2,0.19%
Jun 14 2017 14:00,109.305,109.309,108.928,108.944,-36.1,-0.33%
Jun 14 2017 13:00,109.384,109.398,109.19,109.304,-8,-0.07%
Jun 14 2017 12:00,110.295,110.325,109.352,109.388,-90.7,-0.83%
Jun 14 2017 11:00,110.246,110.342,110.236,110.291,4.5,0.04%
Jun 14 2017 10:00,110.215,110.321,110.194,110.249,3.4,0.03%
Jun 14 2017 09:00,110.177,110.226,110.163,110.212,3.5,0.03%
Jun 14 2017 08:00,110.179,110.257,110.17,110.178,-0.1,0.00%
Jun 14 2017 07:00,110.064,110.206,110.062,110.18,11.6,0.11%
Jun 14 2017 06:00,110.034,110.107,109.989,110.065,3.1,0.03%
Jun 14 2017 05:00,110.09,110.098,110.031,110.033,-5.7,-0.05%
Jun 14 2017 04:00,110.053,110.119,110.041,110.091,3.8,0.03%
Jun 14 2017 03:00,110.038,110.07,110.019,110.047,0.9,0.01%
Jun 14 2017 02:00,110.034,110.064,109.952,110.038,0.4,0.00%
Jun 14 2017 01:00,110.033,110.058,110.013,110.034,0.1,0.00%
Jun 14 2017 00:00,110.071,110.131,110.01,110.036,-3.5,-0.03%
Jun 13 2017 23:00,110.066,110.134,110.049,110.068,0.2,0.00%
Jun 13 2017 22:00,110.075,110.089,110.055,110.064,-1.1,-0.01%
Jun 13 2017 21:00,110.061,110.092,110.029,110.077,1.6,0.01%
Jun 13 2017 20:00,109.995,110.092,109.993,110.067,7.2,0.07%
Jun 13 2017 19:00,109.968,110.03,109.948,109.992,2.4,0.02%
Jun 13 2017 18:00,109.984,109.991,109.934,109.973,-1.1,-0.01%
Jun 13 2017 17:00,110.083,110.083,109.948,109.983,-10,-0.09%
Jun 13 2017 16:00,110.123,110.131,110.037,110.085,-3.8,-0.03%
Jun 13 2017 15:00,109.958,110.133,109.938,110.12,16.2,0.15%
Jun 13 2017 14:00,110.15,110.158,109.917,109.961,-18.9,-0.17%
Jun 13 2017 13:00,110.155,110.216,110.104,110.145,-1,-0.01%
Jun 13 2017 12:00,110.037,110.167,109.981,110.155,11.8,0.11%
Jun 13 2017 11:00,110.106,110.107,110.016,110.039,-6.7,-0.06%
Jun 13 2017 10:00,110.078,110.127,110.069,110.106,2.8,0.03%
Jun 13 2017 09:00,110.152,110.174,110.081,110.081,-7.1,-0.06%
Jun 13 2017 08:00,110.237,110.256,110.132,110.15,-8.7,-0.08%
Jun 13 2017 07:00,110.023,110.271,110.023,110.235,21.2,0.19%
Jun 13 2017 06:00,110.035,110.072,109.97,110.023,-1.2,-0.01%
Jun 13 2017 05:00,110.011,110.046,109.962,110.036,2.5,0.02%
Jun 13 2017 04:00,109.979,110.026,109.957,110.015,3.6,0.03%
Jun 13 2017 03:00,109.973,110.019,109.959,109.977,0.4,0.00%
Jun 13 2017 02:00,110.018,110.045,109.955,109.975,-4.3,-0.04%
Jun 13 2017 01:00,109.977,110.11,109.974,110.02,4.3,0.04%
Jun 13 2017 00:00,109.932,110.023,109.916,109.978,4.6,0.04%
Jun 12 2017 23:00,109.835,109.932,109.834,109.932,9.7,0.09%
Jun 12 2017 22:00,109.903,109.917,109.825,109.836,-6.7,-0.06%
Jun 12 2017 21:00,109.929,109.943,109.773,109.9,-2.9,-0.03%
Jun 12 2017 20:00,109.862,109.951,109.858,109.94,7.8,0.07%
Jun 12 2017 19:00,109.798,109.888,109.763,109.863,6.5,0.06%
Jun 12 2017 18:00,109.776,109.857,109.754,109.803,2.7,0.02%
Jun 12 2017 17:00,109.689,109.854,109.68,109.774,8.5,0.08%
Jun 12 2017 16:00,109.727,109.74,109.63,109.687,-4,-0.04%
Jun 12 2017 15:00,109.816,109.887,109.665,109.73,-8.6,-0.08%
Jun 12 2017 14:00,109.785,109.952,109.753,109.817,3.2,0.03%
Jun 12 2017 13:00,109.983,110.041,109.775,109.784,-19.9,-0.18%
Jun 12 2017 12:00,109.87,109.996,109.808,109.984,11.4,0.10%
Jun 12 2017 11:00,109.96,109.981,109.826,109.87,-9,-0.08%
Jun 12 2017 10:00,109.907,110.036,109.882,109.961,5.4,0.05%
Jun 12 2017 09:00,109.992,110.048,109.884,109.91,-8.2,-0.07%
Jun 12 2017 08:00,110.2,110.224,109.931,109.99,-21,-0.19%
Jun 12 2017 07:00,110.224,110.316,110.175,110.202,-2.2,-0.02%
Jun 12 2017 06:00,110.232,110.258,110.159,110.221,-1.1,-0.01%
Jun 12 2017 05:00,110.282,110.287,110.22,110.237,-4.5,-0.04%
Jun 12 2017 04:00,110.269,110.316,110.253,110.278,0.9,0.01%
Jun 12 2017 03:00,110.232,110.292,110.205,110.271,3.9,0.04%
Jun 12 2017 02:00,110.305,110.32,110.215,110.231,-7.4,-0.07%
Jun 12 2017 01:00,110.196,110.32,110.154,110.309,11.3,0.10%
Jun 12 2017 00:00,110.308,110.337,110.159,110.194,-11.4,-0.10%
Jun 11 2017 23:00,110.374,110.382,110.276,110.309,-6.5,-0.06%
Jun 11 2017 22:00,110.398,110.439,110.346,110.372,-2.6,-0.02%
Jun 11 2017 21:00,110.315,110.426,110.31,110.402,8.7,0.08%
Jun 09 2017 20:00,110.223,110.311,110.22,110.305,8.2,0.07%
Jun 09 2017 19:00,110.171,110.273,110.15,110.226,5.5,0.05%
Jun 09 2017 18:00,110.369,110.403,110.13,110.166,-20.3,-0.18%
Jun 09 2017 17:00,110.482,110.494,110.349,110.368,-11.4,-0.10%
Jun 09 2017 16:00,110.612,110.616,110.444,110.483,-12.9,-0.12%
Jun 09 2017 15:00,110.687,110.703,110.573,110.615,-7.2,-0.07%
Jun 09 2017 14:00,110.723,110.767,110.647,110.684,-3.9,-0.04%
Jun 09 2017 13:00,110.62,110.811,110.616,110.722,10.2,0.09%
Jun 09 2017 12:00,110.433,110.641,110.389,110.618,18.5,0.17%
Jun 09 2017 11:00,110.365,110.444,110.354,110.435,7,0.06%
Jun 09 2017 10:00,110.395,110.411,110.315,110.364,-3.1,-0.03%
Jun 09 2017 09:00,110.372,110.398,110.305,110.392,2,0.02%
Jun 09 2017 08:00,110.316,110.458,110.278,110.372,5.6,0.05%
Jun 09 2017 07:00,110.385,110.465,110.278,110.317,-6.8,-0.06%
Jun 09 2017 06:00,110.219,110.476,110.138,110.387,16.8,0.15%
Jun 09 2017 05:00,110.208,110.257,110.091,110.22,1.2,0.01%
Jun 09 2017 04:00,110.304,110.335,110.159,110.209,-9.5,-0.09%
Jun 09 2017 03:00,110.234,110.356,110.207,110.298,6.4,0.06%
Jun 09 2017 02:00,110.26,110.352,110.19,110.237,-2.3,-0.02%
Jun 09 2017 01:00,110.036,110.261,110.021,110.259,22.3,0.20%
Jun 09 2017 00:00,109.871,110.07,109.862,110.035,16.4,0.15%
Jun 08 2017 23:00,110.017,110.054,109.816,109.876,-14.1,-0.13%
Jun 08 2017 22:00,109.922,110.131,109.866,110.014,9.2,0.08%
Jun 08 2017 21:00,109.966,110.078,109.764,109.923,-4.3,-0.04%
Jun 08 2017 20:00,109.987,110.058,109.951,110.039,5.2,0.05%
Jun 08 2017 19:00,109.932,110.051,109.91,109.988,5.6,0.05%
Jun 08 2017 18:00,110.124,110.13,109.854,109.931,-19.3,-0.18%
Jun 08 2017 17:00,110.092,110.225,110.078,110.123,3.1,0.03%
Jun 08 2017 16:00,110.099,110.166,109.987,110.094,-0.5,0.00%
Jun 08 2017 15:00,110.117,110.241,110.052,110.098,-1.9,-0.02%
Jun 08 2017 14:00,110.224,110.383,110.114,110.117,-10.7,-0.10%
Jun 08 2017 13:00,110.053,110.282,109.935,110.227,17.4,0.16%
Jun 08 2017 12:00,110.143,110.233,109.982,110.051,-9.2,-0.08%
Jun 08 2017 11:00,110.099,110.187,110.028,110.146,4.7,0.04%
Jun 08 2017 10:00,110.119,110.135,109.99,110.095,-2.4,-0.02%
Jun 08 2017 09:00,109.922,110.146,109.91,110.12,19.8,0.18%
Jun 08 2017 08:00,109.761,109.927,109.76,109.923,16.2,0.15%
Jun 08 2017 07:00,109.586,109.769,109.556,109.761,17.5,0.16%
Jun 08 2017 06:00,109.438,109.592,109.408,109.588,15,0.14%
Jun 08 2017 05:00,109.683,109.72,109.379,109.435,-24.8,-0.23%
Jun 08 2017 04:00,109.939,109.947,109.618,109.685,-25.4,-0.23%
Jun 08 2017 03:00,109.816,109.952,109.816,109.94,12.4,0.11%
Jun 08 2017 02:00,109.86,109.922,109.815,109.816,-4.4,-0.04%
Jun 08 2017 01:00,109.935,109.96,109.832,109.859,-7.6,-0.07%
Jun 08 2017 00:00,109.915,110.009,109.829,109.933,1.8,0.02%
Jun 07 2017 23:00,109.737,109.917,109.736,109.916,17.9,0.16%
Jun 07 2017 22:00,109.786,109.876,109.731,109.741,-4.5,-0.04%
Jun 07 2017 21:00,109.801,109.831,109.767,109.781,-2,-0.02%
Jun 07 2017 20:00,109.794,109.835,109.789,109.821,2.7,0.02%
Jun 07 2017 19:00,109.844,109.844,109.778,109.794,-5,-0.05%
Jun 07 2017 18:00,109.568,109.882,109.547,109.843,27.5,0.25%
Jun 07 2017 17:00,109.384,109.594,109.345,109.565,18.1,0.17%
Jun 07 2017 16:00,109.541,109.636,109.345,109.389,-15.2,-0.14%
Jun 07 2017 15:00,109.323,109.588,109.323,109.541,21.8,0.20%
Jun 07 2017 14:00,109.502,109.557,109.229,109.324,-17.8,-0.16%
Jun 07 2017 13:00,109.354,109.67,109.295,109.5,14.6,0.13%
Jun 07 2017 12:00,109.466,109.508,109.34,109.353,-11.3,-0.10%
Jun 07 2017 11:00,109.446,109.479,109.372,109.467,2.1,0.02%
Jun 07 2017 10:00,109.204,109.521,109.196,109.443,23.9,0.22%
Jun 07 2017 09:00,109.166,109.262,109.117,109.206,4,0.04%
Jun 07 2017 08:00,109.304,109.336,109.127,109.164,-14,-0.13%
Jun 07 2017 07:00,109.36,109.373,109.212,109.303,-5.7,-0.05%
Jun 07 2017 06:00,109.523,109.528,109.346,109.359,-16.4,-0.15%
Jun 07 2017 05:00,109.585,109.632,109.498,109.527,-5.8,-0.05%
Jun 07 2017 04:00,109.505,109.61,109.492,109.579,7.4,0.07%
Jun 07 2017 03:00,109.47,109.518,109.461,109.511,4.1,0.04%
Jun 07 2017 02:00,109.521,109.536,109.464,109.468,-5.3,-0.05%
Jun 07 2017 01:00,109.472,109.595,109.471,109.517,4.5,0.04%
Jun 07 2017 00:00,109.495,109.525,109.407,109.471,-2.4,-0.02%
Jun 06 2017 23:00,109.406,109.516,109.389,109.497,9.1,0.08%
Jun 06 2017 22:00,109.357,109.409,109.315,109.405,4.8,0.04%
Jun 06 2017 21:00,109.383,109.426,109.306,109.355,-2.8,-0.03%
Jun 06 2017 20:00,109.424,109.474,109.366,109.398,-2.6,-0.02%
Jun 06 2017 19:00,109.536,109.551,109.385,109.426,-11,-0.10%
Jun 06 2017 18:00,109.283,109.59,109.274,109.539,25.6,0.23%
Jun 06 2017 17:00,109.421,109.423,109.225,109.283,-13.8,-0.13%
Jun 06 2017 16:00,109.338,109.459,109.319,109.422,8.4,0.08%
Jun 06 2017 15:00,109.392,109.433,109.229,109.341,-5.1,-0.05%
Jun 06 2017 14:00,109.492,109.637,109.35,109.388,-10.4,-0.10%
Jun 06 2017 13:00,109.409,109.512,109.291,109.49,8.1,0.07%
Jun 06 2017 12:00,109.436,109.485,109.306,109.413,-2.3,-0.02%
Jun 06 2017 11:00,109.449,109.486,109.28,109.434,-1.5,-0.01%
Jun 06 2017 10:00,109.692,109.737,109.431,109.447,-24.5,-0.22%
Jun 06 2017 09:00,109.717,109.73,109.632,109.694,-2.3,-0.02%
Jun 06 2017 08:00,109.629,109.738,109.609,109.718,8.9,0.08%
Jun 06 2017 07:00,109.632,109.685,109.562,109.631,-0.1,0.00%
Jun 06 2017 06:01,109.697,109.727,109.57,109.629,-6.8,-0.06%
Jun 06 2017 05:01,109.879,109.893,109.658,109.699,-18,-0.16%
Jun 06 2017 04:01,109.864,109.919,109.822,109.876,1.2,0.01%
Jun 06 2017 03:01,109.818,109.884,109.787,109.868,5,0.05%
Jun 06 2017 02:01,109.94,109.943,109.728,109.817,-12.3,-0.11%
Jun 06 2017 01:01,110.144,110.189,109.897,109.938,-20.6,-0.19%
Jun 06 2017 00:00,110.388,110.442,110.121,110.141,-24.7,-0.22%
Jun 05 2017 23:00,110.464,110.464,110.346,110.387,-7.7,-0.07%
Jun 05 2017 22:00,110.504,110.507,110.451,110.469,-3.5,-0.03%
Jun 05 2017 21:00,110.45,110.523,110.447,110.503,5.3,0.05%
Jun 05 2017 20:00,110.485,110.498,110.431,110.436,-4.9,-0.04%
Jun 05 2017 19:00,110.469,110.502,110.453,110.485,1.6,0.01%
Jun 05 2017 18:00,110.404,110.499,110.404,110.468,6.4,0.06%
Jun 05 2017 17:00,110.454,110.455,110.37,110.403,-5.1,-0.05%
Jun 05 2017 16:00,110.49,110.549,110.428,110.456,-3.4,-0.03%
Jun 05 2017 15:00,110.453,110.502,110.385,110.491,3.8,0.03%
Jun 05 2017 14:00,110.54,110.574,110.401,110.452,-8.8,-0.08%
Jun 05 2017 13:00,110.643,110.685,110.513,110.543,-10,-0.09%
Jun 05 2017 12:00,110.528,110.648,110.472,110.643,11.5,0.10%
Jun 05 2017 11:00,110.596,110.627,110.511,110.526,-7,-0.06%
Jun 05 2017 10:00,110.519,110.629,110.484,110.597,7.8,0.07%
Jun 05 2017 09:00,110.492,110.543,110.455,110.524,3.2,0.03%
Jun 05 2017 08:00,110.531,110.571,110.49,110.493,-3.8,-0.03%
Jun 05 2017 07:00,110.519,110.558,110.449,110.528,0.9,0.01%
Jun 05 2017 06:00,110.622,110.634,110.509,110.519,-10.3,-0.09%
Jun 05 2017 05:00,110.597,110.732,110.595,110.62,2.3,0.02%
Jun 05 2017 04:00,110.578,110.606,110.518,110.598,2,0.02%
Jun 05 2017 03:00,110.55,110.605,110.518,110.577,2.7,0.02%
Jun 05 2017 02:00,110.555,110.619,110.501,110.547,-0.8,-0.01%
Jun 05 2017 01:00,110.457,110.592,110.405,110.557,10,0.09%
Jun 05 2017 00:00,110.466,110.519,110.306,110.455,-1.1,-0.01%
Jun 04 2017 23:00,110.471,110.5,110.383,110.466,-0.5,0.00%
Jun 04 2017 22:00,110.45,110.559,110.389,110.475,2.5,0.02%
Jun 04 2017 21:00,110.343,110.509,110.275,110.448,10.5,0.10%
Jun 02 2017 20:00,110.42,110.462,110.396,110.458,3.8,0.03%
Jun 02 2017 19:00,110.474,110.478,110.351,110.418,-5.6,-0.05%
Jun 02 2017 18:00,110.479,110.516,110.443,110.47,-0.9,-0.01%
Jun 02 2017 17:00,110.462,110.572,110.428,110.48,1.8,0.02%
Jun 02 2017 16:00,110.506,110.521,110.41,110.466,-4,-0.04%
Jun 02 2017 15:00,110.465,110.538,110.332,110.505,4,0.04%
Jun 02 2017 14:00,110.494,110.579,110.403,110.462,-3.2,-0.03%
Jun 02 2017 13:00,110.716,110.821,110.421,110.498,-21.8,-0.20%
Jun 02 2017 12:00,111.492,111.545,110.588,110.714,-77.8,-0.70%
Jun 02 2017 11:00,111.497,111.542,111.481,111.492,-0.5,0.00%
Jun 02 2017 10:00,111.465,111.506,111.428,111.496,3.1,0.03%
Jun 02 2017 09:00,111.552,111.565,111.456,111.469,-8.3,-0.07%
Jun 02 2017 08:00,111.571,111.579,111.484,111.553,-1.8,-0.02%
Jun 02 2017 07:00,111.604,111.668,111.541,111.568,-3.6,-0.03%
Jun 02 2017 06:00,111.611,111.641,111.575,111.608,-0.3,0.00%
Jun 02 2017 05:00,111.596,111.709,111.538,111.607,1.1,0.01%
Jun 02 2017 04:00,111.595,111.647,111.587,111.597,0.2,0.00%
Jun 02 2017 03:00,111.649,111.67,111.59,111.599,-5,-0.04%
Jun 02 2017 02:00,111.597,111.656,111.592,111.65,5.3,0.05%
Jun 02 2017 01:00,111.645,111.654,111.568,111.595,-5,-0.04%
Jun 02 2017 00:00,111.445,111.682,111.44,111.649,20.4,0.18%
Jun 01 2017 23:00,111.389,111.45,111.354,111.445,5.6,0.05%
Jun 01 2017 22:00,111.368,111.407,111.31,111.389,2.1,0.02%
Jun 01 2017 21:00,111.348,111.407,111.312,111.367,1.9,0.02%
Jun 01 2017 20:00,111.345,111.398,111.308,111.34,-0.5,0.00%
Jun 01 2017 19:00,111.309,111.364,111.267,111.343,3.4,0.03%
Jun 01 2017 18:00,111.397,111.459,111.27,111.309,-8.8,-0.08%
Jun 01 2017 17:00,111.376,111.421,111.342,111.396,2,0.02%
Jun 01 2017 16:00,111.253,111.398,111.244,111.374,12.1,0.11%
Jun 01 2017 15:00,111.244,111.303,111.163,111.257,1.3,0.01%
Jun 01 2017 14:00,111.412,111.412,111.234,111.241,-17.1,-0.15%
Jun 01 2017 13:00,111.322,111.48,111.294,111.414,9.2,0.08%
Jun 01 2017 12:00,111.14,111.445,111.054,111.319,17.9,0.16%
Jun 01 2017 11:00,111.11,111.202,111.103,111.139,2.9,0.03%
Jun 01 2017 10:00,111.069,111.145,111.065,111.114,4.5,0.04%
Jun 01 2017 09:00,111.131,111.142,111.044,111.067,-6.4,-0.06%
Jun 01 2017 08:00,111.013,111.164,110.987,111.132,11.9,0.11%
Jun 01 2017 07:00,110.98,111.064,110.932,111.015,3.5,0.03%
Jun 01 2017 06:00,110.987,111.062,110.943,110.978,-0.9,-0.01%
Jun 01 2017 05:00,111.016,111.096,110.947,110.99,-2.6,-0.02%
Jun 01 2017 04:00,110.953,111.029,110.917,111.017,6.4,0.06%
Jun 01 2017 03:00,110.925,110.953,110.862,110.947,2.2,0.02%
Jun 01 2017 02:00,110.921,110.956,110.836,110.926,0.5,0.00%
Jun 01 2017 01:00,110.962,111.07,110.907,110.923,-3.9,-0.04%
Jun 01 2017 00:00,110.798,111.004,110.772,110.961,16.3,0.15%
May 31 2017 23:00,110.83,110.83,110.711,110.797,-3.3,-0.03%
May 31 2017 22:00,110.84,110.849,110.806,110.829,-1.1,-0.01%
May 31 2017 21:00,110.765,110.854,110.683,110.847,8.2,0.07%
May 31 2017 20:00,110.747,110.774,110.722,110.77,2.3,0.02%
May 31 2017 19:00,110.552,110.776,110.549,110.751,19.9,0.18%
May 31 2017 18:00,110.595,110.7,110.537,110.544,-5.1,-0.05%
May 31 2017 17:00,110.663,110.705,110.56,110.595,-6.8,-0.06%
May 31 2017 16:00,110.714,110.788,110.632,110.663,-5.1,-0.05%
May 31 2017 15:00,110.535,110.719,110.48,110.711,17.6,0.16%
May 31 2017 14:00,110.669,110.723,110.53,110.538,-13.1,-0.12%
May 31 2017 13:00,110.86,110.886,110.6,110.673,-18.7,-0.17%
May 31 2017 12:00,110.909,110.913,110.793,110.858,-5.1,-0.05%
May 31 2017 11:00,110.801,110.922,110.755,110.909,10.8,0.10%
May 31 2017 10:00,110.787,110.838,110.731,110.8,1.3,0.01%
May 31 2017 09:00,110.829,110.87,110.754,110.787,-4.2,-0.04%
May 31 2017 08:00,110.949,110.995,110.78,110.833,-11.6,-0.10%
May 31 2017 07:00,111.002,111.024,110.826,110.948,-5.4,-0.05%
May 31 2017 06:00,110.887,111.03,110.887,111.005,11.8,0.11%
May 31 2017 05:00,111.018,111.018,110.882,110.882,-13.6,-0.12%
May 31 2017 04:00,111.082,111.088,110.97,111.014,-6.8,-0.06%
May 31 2017 03:00,111.111,111.228,111.076,111.086,-2.5,-0.02%
May 31 2017 02:00,110.954,111.162,110.923,111.111,15.7,0.14%
May 31 2017 01:00,110.955,111,110.895,110.957,0.2,0.00%
May 31 2017 00:00,110.837,110.964,110.796,110.952,11.5,0.10%
May 30 2017 23:00,110.867,110.872,110.751,110.838,-2.9,-0.03%
May 30 2017 22:00,110.845,110.882,110.829,110.867,2.2,0.02%
May 30 2017 21:00,110.828,110.884,110.804,110.844,1.6,0.01%
May 30 2017 20:00,110.758,110.846,110.738,110.828,7,0.06%
May 30 2017 19:00,110.783,110.799,110.728,110.758,-2.5,-0.02%
May 30 2017 18:00,110.805,110.83,110.736,110.786,-1.9,-0.02%
May 30 2017 17:00,110.793,110.817,110.706,110.808,1.5,0.01%
May 30 2017 16:00,110.686,110.825,110.683,110.791,10.5,0.09%
May 30 2017 15:00,110.971,110.981,110.662,110.68,-29.1,-0.26%
May 30 2017 14:00,111.027,111.077,110.897,110.971,-5.6,-0.05%
May 30 2017 13:00,111.122,111.138,110.956,111.029,-9.3,-0.08%
May 30 2017 12:00,110.945,111.234,110.9,111.122,17.7,0.16%
May 30 2017 11:00,110.986,111.012,110.895,110.942,-4.4,-0.04%
May 30 2017 10:00,111.073,111.092,110.943,110.99,-8.3,-0.07%
May 30 2017 09:00,110.986,111.097,110.91,111.068,8.2,0.07%
May 30 2017 08:00,111.081,111.101,110.926,110.99,-9.1,-0.08%
May 30 2017 07:00,110.844,111.115,110.814,111.083,23.9,0.22%
May 30 2017 06:00,110.917,111.001,110.824,110.84,-7.7,-0.07%
May 30 2017 05:00,110.89,110.979,110.864,110.916,2.6,0.02%
May 30 2017 04:00,110.942,110.951,110.842,110.893,-4.9,-0.04%
May 30 2017 03:00,110.839,110.96,110.832,110.937,9.8,0.09%
May 30 2017 02:00,110.821,110.885,110.801,110.845,2.4,0.02%
May 30 2017 01:00,110.979,110.99,110.771,110.815,-16.4,-0.15%
May 30 2017 00:00,111.189,111.231,110.976,110.98,-20.9,-0.19%
May 29 2017 23:00,111.227,111.288,111.163,111.188,-3.9,-0.04%
May 29 2017 22:00,111.267,111.3,111.192,111.23,-3.7,-0.03%
May 29 2017 21:00,111.238,111.304,111.22,111.264,2.6,0.02%
May 29 2017 20:00,111.299,111.351,111.233,111.243,-5.6,-0.05%
May 29 2017 19:00,111.306,111.346,111.293,111.299,-0.7,-0.01%
May 29 2017 18:00,111.295,111.311,111.281,111.307,1.2,0.01%
May 29 2017 17:00,111.301,111.324,111.297,111.298,-0.3,0.00%
May 29 2017 16:00,111.283,111.331,111.278,111.301,1.8,0.02%
May 29 2017 15:00,111.287,111.306,111.264,111.281,-0.6,-0.01%
May 29 2017 14:00,111.302,111.329,111.265,111.287,-1.5,-0.01%
May 29 2017 13:00,111.357,111.357,111.282,111.301,-5.6,-0.05%
May 29 2017 12:00,111.335,111.36,111.329,111.357,2.2,0.02%
May 29 2017 11:00,111.332,111.343,111.297,111.337,0.5,0.00%
May 29 2017 10:00,111.351,111.36,111.315,111.333,-1.8,-0.02%
May 29 2017 09:00,111.349,111.397,111.329,111.352,0.3,0.00%
May 29 2017 08:00,111.3,111.401,111.268,111.347,4.7,0.04%
May 29 2017 07:00,111.247,111.357,111.247,111.299,5.2,0.05%
May 29 2017 06:00,111.307,111.32,111.226,111.247,-6,-0.05%
May 29 2017 05:00,111.3,111.32,111.27,111.307,0.7,0.01%
May 29 2017 04:00,111.336,111.359,111.272,111.3,-3.6,-0.03%
May 29 2017 03:00,111.376,111.398,111.331,111.338,-3.8,-0.03%
May 29 2017 02:00,111.385,111.385,111.319,111.374,-1.1,-0.01%
May 29 2017 01:00,111.353,111.469,111.329,111.384,3.1,0.03%
May 29 2017 00:00,111.253,111.426,111.2,111.355,10.2,0.09%
May 28 2017 23:00,111.216,111.296,111.215,111.255,3.9,0.04%
May 28 2017 22:00,111.278,111.321,111.162,111.213,-6.5,-0.06%
May 28 2017 21:00,111.206,111.302,111.16,111.28,7.4,0.07%
May 26 2017 20:00,111.257,111.338,111.253,111.305,4.8,0.04%
May 26 2017 19:00,111.183,111.261,111.182,111.255,7.2,0.06%
May 26 2017 18:00,111.236,111.263,111.167,111.186,-5,-0.04%
May 26 2017 17:00,111.355,111.379,111.222,111.233,-12.2,-0.11%
May 26 2017 16:00,111.309,111.429,111.275,111.36,5.1,0.05%
May 26 2017 15:00,111.233,111.326,111.212,111.307,7.4,0.07%
May 26 2017 14:00,111.245,111.292,111.111,111.236,-0.9,-0.01%
May 26 2017 13:00,111.165,111.339,111.161,111.241,7.6,0.07%
May 26 2017 12:00,111,111.187,110.974,111.166,16.6,0.15%
May 26 2017 11:00,110.9,111.055,110.876,110.999,9.9,0.09%
May 26 2017 10:00,110.945,111.033,110.897,110.903,-4.2,-0.04%
May 26 2017 09:00,111.022,111.066,110.89,110.939,-8.3,-0.07%
May 26 2017 08:00,111.247,111.25,110.961,111.026,-22.1,-0.20%
May 26 2017 07:00,111.32,111.352,111.196,111.246,-7.4,-0.07%
May 26 2017 06:00,111.421,111.481,111.279,111.323,-9.8,-0.09%
May 26 2017 05:00,111.537,111.539,111.398,111.419,-11.8,-0.11%
May 26 2017 04:00,111.609,111.611,111.538,111.538,-7.1,-0.06%
May 26 2017 03:00,111.562,111.622,111.545,111.609,4.7,0.04%
May 26 2017 02:00,111.74,111.75,111.548,111.562,-17.8,-0.16%
May 26 2017 01:00,111.786,111.809,111.718,111.74,-4.6,-0.04%
May 26 2017 00:00,111.739,111.796,111.669,111.782,4.3,0.04%
May 25 2017 23:00,111.772,111.798,111.712,111.74,-3.2,-0.03%
May 25 2017 22:00,111.825,111.852,111.757,111.774,-5.1,-0.05%
May 25 2017 21:00,111.821,111.853,111.762,111.825,0.4,0.00%
May 25 2017 20:00,111.799,111.879,111.784,111.822,2.3,0.02%
May 25 2017 19:00,111.782,111.821,111.749,111.793,1.1,0.01%
May 25 2017 18:00,111.826,111.886,111.784,111.784,-4.2,-0.04%
May 25 2017 17:00,111.735,111.833,111.716,111.827,9.2,0.08%
May 25 2017 16:00,111.702,111.797,111.665,111.736,3.4,0.03%
May 25 2017 15:00,111.866,111.878,111.649,111.699,-16.7,-0.15%
May 25 2017 14:00,111.793,111.952,111.748,111.869,7.6,0.07%
May 25 2017 13:00,111.814,111.842,111.682,111.79,-2.4,-0.02%
May 25 2017 12:00,111.734,111.894,111.719,111.812,7.8,0.07%
May 25 2017 11:00,111.848,111.867,111.72,111.735,-11.3,-0.10%
May 25 2017 10:00,111.877,111.943,111.838,111.847,-3,-0.03%
May 25 2017 09:00,111.788,111.932,111.77,111.879,9.1,0.08%
May 25 2017 08:00,111.835,111.835,111.677,111.79,-4.5,-0.04%
May 25 2017 07:00,111.752,111.888,111.697,111.831,7.9,0.07%
May 25 2017 06:00,111.632,111.782,111.596,111.755,12.3,0.11%
May 25 2017 05:00,111.623,111.696,111.604,111.633,1,0.01%
May 25 2017 04:00,111.607,111.663,111.558,111.621,1.4,0.01%
May 25 2017 03:00,111.602,111.632,111.559,111.605,0.3,0.00%
May 25 2017 02:00,111.651,111.665,111.59,111.604,-4.7,-0.04%
May 25 2017 01:00,111.611,111.701,111.513,111.65,3.9,0.03%
May 25 2017 00:00,111.543,111.656,111.526,111.611,6.8,0.06%
May 24 2017 23:00,111.629,111.63,111.512,111.538,-9.1,-0.08%
May 24 2017 22:00,111.564,111.644,111.537,111.635,7.1,0.06%
May 24 2017 21:00,111.476,111.569,111.476,111.558,8.2,0.07%
May 24 2017 20:00,111.605,111.617,111.479,111.479,-12.6,-0.11%
May 24 2017 19:00,111.77,111.799,111.546,111.605,-16.5,-0.15%
May 24 2017 18:00,111.962,112.098,111.589,111.772,-19,-0.17%
May 24 2017 17:00,112.035,112.044,111.936,111.963,-7.2,-0.06%
May 24 2017 16:00,112.039,112.091,111.994,112.03,-0.9,-0.01%
May 24 2017 15:00,112.037,112.128,111.932,112.04,0.3,0.00%
May 24 2017 14:00,111.94,112.097,111.812,112.04,10,0.09%
May 24 2017 13:00,111.815,111.998,111.788,111.934,11.9,0.11%
May 24 2017 12:00,111.795,111.845,111.741,111.818,2.3,0.02%
May 24 2017 11:00,111.792,111.839,111.762,111.792,0,0.00%
May 24 2017 10:00,111.816,111.843,111.702,111.794,-2.2,-0.02%
May 24 2017 09:00,111.846,111.873,111.748,111.813,-3.3,-0.03%
May 24 2017 08:00,111.944,111.955,111.759,111.85,-9.4,-0.08%
May 24 2017 07:00,111.919,112.051,111.789,111.939,2,0.02%
May 24 2017 06:00,111.949,111.995,111.841,111.923,-2.6,-0.02%
May 24 2017 05:00,111.85,112.031,111.807,111.948,9.8,0.09%
May 24 2017 04:00,111.896,111.902,111.833,111.848,-4.8,-0.04%
May 24 2017 03:00,111.848,111.926,111.847,111.897,4.9,0.04%
May 24 2017 02:00,111.798,111.856,111.753,111.846,4.8,0.04%
May 24 2017 01:00,111.832,111.857,111.756,111.798,-3.4,-0.03%
May 24 2017 00:00,111.957,111.96,111.729,111.831,-12.6,-0.11%
May 23 2017 23:00,111.779,111.991,111.778,111.958,17.9,0.16%
May 23 2017 22:00,111.812,111.84,111.775,111.779,-3.3,-0.03%
May 23 2017 21:00,111.779,111.842,111.759,111.808,2.9,0.03%
May 23 2017 20:00,111.812,111.84,111.763,111.775,-3.7,-0.03%
May 23 2017 19:00,111.734,111.861,111.731,111.816,8.2,0.07%
May 23 2017 18:00,111.537,111.781,111.473,111.729,19.2,0.17%
May 23 2017 17:00,111.654,111.691,111.451,111.54,-11.4,-0.10%
May 23 2017 16:00,111.645,111.789,111.616,111.653,0.8,0.01%
May 23 2017 15:00,111.099,111.753,111.055,111.646,54.7,0.49%
May 23 2017 14:00,111.094,111.233,110.984,111.1,0.6,0.01%
May 23 2017 13:00,111.229,111.27,111.038,111.091,-13.8,-0.12%
May 23 2017 12:00,111.179,111.242,111.097,111.228,4.9,0.04%
May 23 2017 11:00,111.264,111.283,111.153,111.18,-8.4,-0.08%
May 23 2017 10:00,111.155,111.314,111.127,111.265,11,0.10%
May 23 2017 09:00,111.221,111.25,111.108,111.149,-7.2,-0.06%
May 23 2017 08:00,111.202,111.323,111.049,111.223,2.1,0.02%
May 23 2017 07:00,111.046,111.29,110.985,111.203,15.7,0.14%
May 23 2017 06:00,110.973,111.106,110.906,111.044,7.1,0.06%
May 23 2017 05:00,111.156,111.174,110.938,110.977,-17.9,-0.16%
May 23 2017 04:00,111.185,111.186,111.148,111.152,-3.3,-0.03%
May 23 2017 03:00,111.195,111.211,111.134,111.189,-0.6,-0.01%
May 23 2017 02:00,111.084,111.21,111.053,111.196,11.2,0.10%
May 23 2017 01:00,111.142,111.165,111,111.082,-6,-0.05%
May 23 2017 00:00,110.905,111.17,110.904,111.142,23.7,0.21%
May 22 2017 23:00,111.1,111.139,110.862,110.904,-19.6,-0.18%
May 22 2017 22:00,111.293,111.347,111.011,111.103,-19,-0.17%
May 22 2017 21:00,111.289,111.31,111.246,111.291,0.2,0.00%
May 22 2017 20:00,111.228,111.31,111.204,111.291,6.3,0.06%
May 22 2017 19:00,111.197,111.252,111.18,111.229,3.2,0.03%
May 22 2017 18:00,111.086,111.234,111.057,111.192,10.6,0.10%
May 22 2017 17:00,111.135,111.18,111.053,111.087,-4.8,-0.04%
May 22 2017 16:00,111.151,111.21,111.092,111.135,-1.6,-0.01%
May 22 2017 15:00,111.062,111.202,110.932,111.153,9.1,0.08%
May 22 2017 14:00,111.161,111.241,110.98,111.064,-9.7,-0.09%
May 22 2017 13:00,111.257,111.403,111.113,111.157,-10,-0.09%
May 22 2017 12:00,111.4,111.416,111.181,111.26,-14,-0.13%
May 22 2017 11:00,111.415,111.463,111.36,111.395,-2,-0.02%
May 22 2017 10:00,111.378,111.486,111.372,111.42,4.2,0.04%
May 22 2017 09:00,111.418,111.501,111.291,111.375,-4.3,-0.04%
May 22 2017 08:00,111.298,111.435,111.233,111.415,11.7,0.11%
May 22 2017 07:00,111.345,111.351,111.151,111.3,-4.5,-0.04%
May 22 2017 06:00,111.499,111.53,111.323,111.349,-15,-0.13%
May 22 2017 05:00,111.522,111.533,111.461,111.499,-2.3,-0.02%
May 22 2017 04:00,111.541,111.573,111.493,111.522,-1.9,-0.02%
May 22 2017 03:00,111.471,111.552,111.439,111.543,7.2,0.06%
May 22 2017 02:00,111.461,111.57,111.461,111.47,0.9,0.01%
May 22 2017 01:00,111.461,111.605,111.435,111.461,0,0.00%
May 22 2017 00:00,111.28,111.524,111.243,111.461,18.1,0.16%
May 21 2017 23:00,111.266,111.332,111.157,111.282,1.6,0.01%
May 21 2017 22:00,111.173,111.315,111.144,111.264,9.1,0.08%
May 21 2017 21:00,111.021,111.183,111.009,111.177,15.6,0.14%
May 19 2017 20:00,111.172,111.272,111.159,111.256,8.4,0.08%
May 19 2017 19:00,111.395,111.429,111.075,111.174,-22.1,-0.20%
May 19 2017 18:00,111.244,111.428,111.231,111.392,14.8,0.13%
May 19 2017 17:00,111.44,111.444,111.239,111.245,-19.5,-0.18%
May 19 2017 16:00,111.461,111.501,111.38,111.442,-1.9,-0.02%
May 19 2017 15:00,111.536,111.564,111.347,111.457,-7.9,-0.07%
May 19 2017 14:00,111.473,111.664,111.406,111.537,6.4,0.06%
May 19 2017 13:00,111.327,111.578,111.041,111.474,14.7,0.13%
May 19 2017 12:00,111.255,111.353,111.189,111.324,6.9,0.06%
May 19 2017 11:00,111.399,111.483,111.228,111.26,-13.9,-0.12%
May 19 2017 10:00,111.486,111.507,111.336,111.401,-8.5,-0.08%
May 19 2017 09:00,111.509,111.581,111.436,111.484,-2.5,-0.02%
May 19 2017 08:00,111.469,111.701,111.35,111.511,4.2,0.04%
May 19 2017 07:00,111.313,111.514,111.233,111.467,15.4,0.14%
May 19 2017 06:00,111.398,111.399,111.171,111.313,-8.5,-0.08%
May 19 2017 05:00,111.368,111.47,111.359,111.396,2.8,0.03%
May 19 2017 04:00,111.325,111.428,111.316,111.372,4.7,0.04%
May 19 2017 03:00,111.176,111.361,111.136,111.323,14.7,0.13%
May 19 2017 02:00,111.181,111.217,111.11,111.174,-0.7,-0.01%
May 19 2017 01:00,111.294,111.295,111.122,111.182,-11.2,-0.10%
May 19 2017 00:00,111.436,111.457,111.257,111.295,-14.1,-0.13%
May 18 2017 23:00,111.5,111.502,111.335,111.437,-6.3,-0.06%
May 18 2017 22:00,111.563,111.593,111.405,111.494,-6.9,-0.06%
May 18 2017 21:00,111.484,111.602,111.459,111.566,8.2,0.07%
May 18 2017 20:00,111.356,111.515,111.352,111.469,11.3,0.10%
May 18 2017 19:00,111.441,111.555,111.331,111.357,-8.4,-0.08%
May 18 2017 18:00,111.472,111.633,111.403,111.44,-3.2,-0.03%
May 18 2017 17:00,110.973,111.742,110.898,111.479,50.6,0.45%
May 18 2017 16:00,110.816,111.071,110.716,110.968,15.2,0.14%
May 18 2017 15:00,111.079,111.198,110.802,110.821,-25.8,-0.23%
May 18 2017 14:00,111.001,111.33,111.001,111.075,7.4,0.07%
May 18 2017 13:00,110.757,111.217,110.689,111,24.3,0.22%
May 18 2017 12:00,110.781,110.886,110.474,110.761,-2,-0.02%
May 18 2017 11:00,110.343,110.849,110.339,110.779,43.6,0.39%
May 18 2017 10:00,110.326,110.515,110.323,110.348,2.2,0.02%
May 18 2017 09:00,110.951,110.966,110.237,110.325,-62.6,-0.57%
May 18 2017 08:00,110.916,111.008,110.8,110.952,3.6,0.03%
May 18 2017 07:00,111.328,111.355,110.858,110.917,-41.1,-0.37%
May 18 2017 06:00,111.249,111.421,111.205,111.33,8.1,0.07%
May 18 2017 05:00,111.157,111.337,111.141,111.249,9.2,0.08%
May 18 2017 04:00,110.972,111.194,110.966,111.158,18.6,0.17%
May 18 2017 03:00,111.058,111.059,110.935,110.967,-9.1,-0.08%
May 18 2017 02:00,111.042,111.19,111.028,111.057,1.5,0.01%
May 18 2017 01:00,110.955,111.057,110.8,111.044,8.9,0.08%
May 18 2017 00:00,111.06,111.225,110.951,110.955,-10.5,-0.09%
May 17 2017 23:00,110.939,111.167,110.9,111.059,12,0.11%
May 17 2017 22:00,110.716,110.951,110.697,110.942,22.6,0.20%
May 17 2017 21:00,110.833,110.836,110.53,110.71,-12.3,-0.11%
May 17 2017 20:00,110.973,111.043,110.788,110.83,-14.3,-0.13%
May 17 2017 19:00,111.122,111.17,110.898,110.974,-14.8,-0.13%
May 17 2017 18:00,111.006,111.132,110.889,111.12,11.4,0.10%
May 17 2017 17:00,111.408,111.409,111.003,111.01,-39.8,-0.36%
May 17 2017 16:00,111.462,111.466,111.221,111.406,-5.6,-0.05%
May 17 2017 15:00,111.275,111.522,111.217,111.463,18.8,0.17%
May 17 2017 14:00,111.433,111.595,111.253,111.273,-16,-0.14%
May 17 2017 13:00,111.949,111.96,111.427,111.436,-51.3,-0.46%
May 17 2017 12:00,112.353,112.354,111.918,111.95,-40.3,-0.36%
May 17 2017 11:00,112.427,112.513,112.343,112.348,-7.9,-0.07%
May 17 2017 10:00,112.373,112.446,112.233,112.427,5.4,0.05%
May 17 2017 09:00,112.508,112.519,112.305,112.375,-13.3,-0.12%
May 17 2017 08:00,112.443,112.543,112.425,112.507,6.4,0.06%
May 17 2017 07:00,112.368,112.465,112.254,112.443,7.5,0.07%
May 17 2017 06:00,112.462,112.471,112.258,112.369,-9.3,-0.08%
May 17 2017 05:00,112.538,112.569,112.346,112.463,-7.5,-0.07%
May 17 2017 04:00,112.397,112.548,112.391,112.54,14.3,0.13%
May 17 2017 03:00,112.483,112.497,112.366,112.396,-8.7,-0.08%
May 17 2017 02:00,112.656,112.662,112.423,112.484,-17.2,-0.15%
May 17 2017 01:00,112.632,112.73,112.586,112.656,2.4,0.02%
May 17 2017 00:00,112.693,112.734,112.494,112.634,-5.9,-0.05%
May 16 2017 23:00,112.814,112.85,112.623,112.693,-12.1,-0.11%
May 16 2017 22:00,113.1,113.1,112.771,112.811,-28.9,-0.26%
May 16 2017 21:00,113.106,113.128,113.047,113.098,-0.8,-0.01%
May 16 2017 20:00,113.071,113.13,113.003,113.11,3.9,0.03%
May 16 2017 19:00,113.019,113.098,112.929,113.068,4.9,0.04%
May 16 2017 18:00,113.112,113.121,112.947,113.019,-9.3,-0.08%
May 16 2017 17:00,113.23,113.304,113.088,113.11,-12,-0.11%
May 16 2017 16:00,113.238,113.266,113.171,113.234,-0.4,0.00%
May 16 2017 15:00,113.005,113.319,112.96,113.234,22.9,0.20%
May 16 2017 14:00,113.504,113.551,112.963,113.007,-49.7,-0.44%
May 16 2017 13:00,113.43,113.573,113.376,113.499,6.9,0.06%
May 16 2017 12:00,113.673,113.682,113.416,113.432,-24.1,-0.21%
May 16 2017 11:00,113.642,113.732,113.634,113.671,2.9,0.03%
May 16 2017 10:00,113.55,113.656,113.518,113.643,9.3,0.08%
May 16 2017 09:00,113.586,113.665,113.52,113.55,-3.6,-0.03%
May 16 2017 08:00,113.454,113.643,113.421,113.584,13,0.11%
May 16 2017 07:00,113.26,113.484,113.246,113.455,19.5,0.17%
May 16 2017 06:00,113.495,113.497,113.261,113.264,-23.1,-0.20%
May 16 2017 05:00,113.505,113.551,113.43,113.49,-1.5,-0.01%
May 16 2017 04:00,113.501,113.521,113.461,113.504,0.3,0.00%
May 16 2017 03:00,113.433,113.521,113.418,113.504,7.1,0.06%
May 16 2017 02:00,113.533,113.555,113.422,113.435,-9.8,-0.09%
May 16 2017 01:00,113.699,113.711,113.492,113.53,-16.9,-0.15%
May 16 2017 00:00,113.643,113.772,113.639,113.699,5.6,0.05%
May 15 2017 23:00,113.641,113.677,113.572,113.641,0,0.00%
May 15 2017 22:00,113.598,113.673,113.593,113.641,4.3,0.04%
May 15 2017 21:00,113.782,113.786,113.543,113.599,-18.3,-0.16%
May 15 2017 20:00,113.765,113.794,113.713,113.78,1.5,0.01%
May 15 2017 19:00,113.676,113.788,113.654,113.764,8.8,0.08%
May 15 2017 18:00,113.823,113.824,113.654,113.674,-14.9,-0.13%
May 15 2017 17:00,113.597,113.853,113.575,113.821,22.4,0.20%
May 15 2017 16:00,113.541,113.622,113.526,113.594,5.3,0.05%
May 15 2017 15:00,113.608,113.662,113.536,113.543,-6.5,-0.06%
May 15 2017 14:00,113.629,113.684,113.503,113.606,-2.3,-0.02%
May 15 2017 13:00,113.33,113.668,113.294,113.63,30,0.26%
May 15 2017 12:00,113.496,113.557,113.259,113.334,-16.2,-0.14%
May 15 2017 11:00,113.455,113.508,113.423,113.492,3.7,0.03%
May 15 2017 10:00,113.433,113.532,113.424,113.458,2.5,0.02%
May 15 2017 09:00,113.574,113.588,113.406,113.435,-13.9,-0.12%
May 15 2017 08:00,113.65,113.698,113.557,113.574,-7.6,-0.07%
May 15 2017 07:00,113.625,113.73,113.567,113.649,2.4,0.02%
May 15 2017 06:00,113.374,113.635,113.372,113.622,24.8,0.22%
May 15 2017 05:00,113.345,113.394,113.333,113.375,3,0.03%
May 15 2017 04:00,113.407,113.414,113.334,113.344,-6.3,-0.06%
May 15 2017 03:00,113.377,113.418,113.349,113.408,3.1,0.03%
May 15 2017 02:00,113.364,113.373,113.296,113.372,0.8,0.01%
May 15 2017 01:00,113.392,113.459,113.342,113.368,-2.4,-0.02%
May 15 2017 00:00,113.263,113.41,113.233,113.39,12.7,0.11%
May 14 2017 23:00,113.317,113.352,113.229,113.266,-5.1,-0.05%
May 14 2017 22:00,113.234,113.317,113.2,113.317,8.3,0.07%
May 14 2017 21:00,113.152,113.254,113.141,113.229,7.7,0.07%
May 12 2017 20:00,113.291,113.358,113.239,113.345,5.4,0.05%
May 12 2017 19:00,113.423,113.423,113.27,113.296,-12.7,-0.11%
May 12 2017 18:00,113.356,113.439,113.333,113.422,6.6,0.06%
May 12 2017 17:00,113.413,113.424,113.317,113.352,-6.1,-0.05%
May 12 2017 16:00,113.293,113.423,113.26,113.414,12.1,0.11%
May 12 2017 15:00,113.247,113.427,113.195,113.294,4.7,0.04%
May 12 2017 14:00,113.403,113.456,113.21,113.252,-15.1,-0.13%
May 12 2017 13:00,113.361,113.554,113.314,113.4,3.9,0.03%
May 12 2017 12:00,113.853,113.891,113.347,113.362,-49.1,-0.43%
May 12 2017 11:00,113.785,113.92,113.767,113.852,6.7,0.06%
May 12 2017 10:00,113.669,113.798,113.611,113.782,11.3,0.10%
May 12 2017 09:00,113.622,113.711,113.559,113.667,4.5,0.04%
May 12 2017 08:00,113.601,113.732,113.577,113.624,2.3,0.02%
May 12 2017 07:00,113.766,113.852,113.547,113.598,-16.8,-0.15%
May 12 2017 06:00,113.766,113.824,113.672,113.766,0,0.00%
May 12 2017 05:00,113.68,113.791,113.665,113.767,8.7,0.08%
May 12 2017 04:00,113.698,113.751,113.653,113.68,-1.8,-0.02%
May 12 2017 03:00,113.668,113.726,113.634,113.698,3,0.03%
May 12 2017 02:00,113.76,113.77,113.662,113.67,-9,-0.08%
May 12 2017 01:00,113.877,113.906,113.736,113.757,-12,-0.11%
May 12 2017 00:00,113.82,113.953,113.799,113.88,6,0.05%
May 11 2017 23:00,113.759,113.847,113.746,113.82,6.1,0.05%
May 11 2017 22:00,113.817,113.84,113.752,113.756,-6.1,-0.05%
May 11 2017 21:00,113.86,113.866,113.804,113.813,-4.7,-0.04%
May 11 2017 20:00,113.842,113.895,113.837,113.85,0.8,0.01%
May 11 2017 19:00,113.866,113.893,113.807,113.842,-2.4,-0.02%
May 11 2017 18:00,113.934,114.019,113.833,113.865,-6.9,-0.06%
May 11 2017 17:00,113.802,113.998,113.793,113.934,13.2,0.12%
May 11 2017 16:00,113.753,113.937,113.752,113.801,4.8,0.04%
May 11 2017 15:00,113.73,113.819,113.698,113.755,2.5,0.02%
May 11 2017 14:00,113.738,113.759,113.455,113.727,-1.1,-0.01%
May 11 2017 13:00,113.99,114.039,113.7,113.738,-25.2,-0.22%
May 11 2017 12:00,113.865,114.115,113.854,113.994,12.9,0.11%
May 11 2017 11:00,114.046,114.106,113.84,113.862,-18.4,-0.16%
May 11 2017 10:00,114.166,114.167,113.957,114.048,-11.8,-0.10%
May 11 2017 09:00,114.2,114.208,114.138,114.165,-3.5,-0.03%
May 11 2017 08:00,114.201,114.227,114.146,114.202,0.1,0.00%
May 11 2017 07:00,114.122,114.234,114.111,114.202,8,0.07%
May 11 2017 06:00,114.175,114.181,114.062,114.119,-5.6,-0.05%
May 11 2017 05:00,114.222,114.245,114.172,114.178,-4.4,-0.04%
May 11 2017 04:00,114.203,114.274,114.198,114.22,1.7,0.01%
May 11 2017 03:00,114.153,114.219,114.112,114.203,5,0.04%
May 11 2017 02:00,114.202,114.211,114.103,114.152,-5,-0.04%
May 11 2017 01:00,114.236,114.241,114.108,114.202,-3.4,-0.03%
May 11 2017 00:00,114.338,114.352,114.191,114.24,-9.8,-0.09%
May 10 2017 23:00,114.308,114.365,114.264,114.332,2.4,0.02%
May 10 2017 22:00,114.286,114.333,114.254,114.313,2.7,0.02%
May 10 2017 21:00,114.262,114.358,114.258,114.281,1.9,0.02%
May 10 2017 20:00,114.267,114.299,114.213,114.267,0,0.00%
May 10 2017 19:00,114.338,114.35,114.221,114.263,-7.5,-0.07%
May 10 2017 18:00,114.254,114.354,114.215,114.338,8.4,0.07%
May 10 2017 17:00,114.064,114.372,114.04,114.255,19.1,0.17%
May 10 2017 16:00,114.033,114.106,113.994,114.062,2.9,0.03%
May 10 2017 15:00,114.041,114.161,113.991,114.032,-0.9,-0.01%
May 10 2017 14:00,113.864,114.057,113.849,114.04,17.6,0.15%
May 10 2017 13:00,113.836,113.942,113.765,113.864,2.8,0.02%
May 10 2017 12:00,113.811,113.965,113.787,113.837,2.6,0.02%
May 10 2017 11:00,113.727,113.87,113.701,113.813,8.6,0.08%
May 10 2017 10:00,113.885,113.939,113.682,113.727,-15.8,-0.14%
May 10 2017 09:00,113.846,113.97,113.805,113.883,3.7,0.03%
May 10 2017 08:00,113.899,113.93,113.768,113.848,-5.1,-0.04%
May 10 2017 07:00,114.064,114.123,113.889,113.897,-16.7,-0.15%
May 10 2017 06:00,113.796,114.076,113.75,114.064,26.8,0.23%
May 10 2017 05:00,113.796,113.842,113.754,113.795,-0.1,0.00%
May 10 2017 04:00,113.771,113.837,113.65,113.8,2.9,0.03%
May 10 2017 03:00,113.8,113.813,113.668,113.769,-3.1,-0.03%
May 10 2017 02:00,113.831,113.851,113.734,113.8,-3.1,-0.03%
May 10 2017 01:00,113.793,113.937,113.792,113.829,3.6,0.03%
May 10 2017 00:00,113.7,113.896,113.682,113.799,9.9,0.09%
May 09 2017 23:00,113.715,113.827,113.629,113.699,-1.6,-0.01%
May 09 2017 22:00,113.974,114.017,113.683,113.715,-25.9,-0.23%
May 09 2017 21:00,113.979,114.061,113.958,113.973,-0.6,-0.01%
May 09 2017 20:00,113.925,114.048,113.776,113.969,4.4,0.04%
May 09 2017 19:00,114.268,114.295,113.763,113.924,-34.4,-0.30%
May 09 2017 18:00,114.182,114.304,114.141,114.268,8.6,0.08%
May 09 2017 17:00,114.181,114.33,114.146,114.185,0.4,0.00%
May 09 2017 16:00,114.19,114.245,114.17,114.18,-1,-0.01%
May 09 2017 15:00,114.091,114.21,114.039,114.189,9.8,0.09%
May 09 2017 14:00,114.005,114.225,113.99,114.093,8.8,0.08%
May 09 2017 13:00,114.055,114.092,113.963,114.002,-5.3,-0.05%
May 09 2017 12:00,113.892,114.11,113.871,114.056,16.4,0.14%
May 09 2017 11:00,113.789,113.905,113.743,113.897,10.8,0.09%
May 09 2017 10:00,113.719,113.862,113.706,113.788,6.9,0.06%
May 09 2017 09:00,113.642,113.833,113.639,113.717,7.5,0.07%
May 09 2017 08:00,113.635,113.679,113.579,113.641,0.6,0.01%
May 09 2017 07:00,113.474,113.69,113.462,113.636,16.2,0.14%
May 09 2017 06:00,113.347,113.502,113.337,113.475,12.8,0.11%
May 09 2017 05:00,113.283,113.37,113.275,113.347,6.4,0.06%
May 09 2017 04:00,113.262,113.29,113.229,113.281,1.9,0.02%
May 09 2017 03:00,113.194,113.266,113.172,113.262,6.8,0.06%
May 09 2017 02:00,113.204,113.276,113.19,113.198,-0.6,-0.01%
May 09 2017 01:00,113.298,113.35,113.203,113.203,-9.5,-0.08%
May 09 2017 00:00,113.223,113.383,113.135,113.298,7.5,0.07%
May 08 2017 23:00,113.266,113.266,113.164,113.22,-4.6,-0.04%
May 08 2017 22:00,113.274,113.285,113.214,113.268,-0.6,-0.01%
May 08 2017 21:00,113.247,113.29,113.229,113.268,2.1,0.02%
May 08 2017 20:00,113.19,113.294,113.177,113.249,5.9,0.05%
May 08 2017 19:00,113.037,113.23,113.034,113.187,15,0.13%
May 08 2017 18:00,113.094,113.112,112.996,113.038,-5.6,-0.05%
