Date,Open,High,Low,Close,Change (Pips),Change (%)
Jul 04 2017 21:00,6.8037,6.80584,6.8037,6.80543,17.3,0.03%
Jul 04 2017 20:00,6.80512,6.80536,6.8051,6.80528,1.6,0.00%
Jul 04 2017 19:00,6.80578,6.80578,6.805,6.80504,-7.4,-0.01%
Jul 04 2017 17:00,6.8057,6.80578,6.80535,6.80576,0.6,0.00%
Jul 04 2017 16:00,6.8055,6.80706,6.8055,6.80573,2.3,0.00%
Jul 04 2017 15:00,6.80539,6.80649,6.80501,6.80548,0.9,0.00%
Jul 04 2017 14:00,6.8058,6.8059,6.80448,6.80538,-4.2,-0.01%
Jul 04 2017 13:00,6.8066,6.80736,6.80554,6.80582,-7.8,-0.01%
Jul 04 2017 12:00,6.80575,6.8069,6.80569,6.80661,8.6,0.01%
Jul 04 2017 11:00,6.80561,6.80828,6.80494,6.80571,1,0.00%
Jul 04 2017 10:00,6.80588,6.80702,6.80422,6.80559,-2.9,0.00%
Jul 04 2017 09:00,6.80359,6.80663,6.80347,6.80596,23.7,0.03%
Jul 04 2017 08:00,6.79863,6.80411,6.7984,6.8036,49.7,0.07%
Jul 04 2017 07:00,6.79559,6.79958,6.7953,6.79858,29.9,0.04%
Jul 04 2017 06:00,6.79989,6.80139,6.79389,6.7956,-42.9,-0.06%
Jul 04 2017 05:00,6.79675,6.80107,6.79662,6.79988,31.3,0.05%
Jul 04 2017 04:00,6.7961,6.79771,6.79608,6.79678,6.8,0.01%
Jul 04 2017 03:00,6.79814,6.79867,6.79552,6.79609,-20.5,-0.03%
Jul 04 2017 02:00,6.79817,6.79999,6.79706,6.79817,0,0.00%
Jul 04 2017 01:00,6.7957,6.80249,6.79535,6.79822,25.2,0.04%
Jul 04 2017 00:00,6.79506,6.79708,6.79356,6.79572,6.6,0.01%
Jul 03 2017 23:00,6.79487,6.79617,6.79486,6.795,1.3,0.00%
Jul 03 2017 22:00,6.79466,6.79487,6.79429,6.79485,1.9,0.00%
Jul 03 2017 21:00,6.79366,6.79527,6.79366,6.79465,9.9,0.01%
Jul 03 2017 20:00,6.79411,6.79641,6.79364,6.79485,7.4,0.01%
Jul 03 2017 19:00,6.79716,6.79763,6.79332,6.7942,-29.6,-0.04%
Jul 03 2017 18:00,6.79841,6.79842,6.79726,6.79726,-11.5,-0.02%
Jul 03 2017 17:00,6.79766,6.79854,6.79766,6.7984,7.4,0.01%
Jul 03 2017 16:00,6.79688,6.79768,6.79642,6.79764,7.6,0.01%
Jul 03 2017 15:00,6.79645,6.79821,6.79617,6.79701,5.6,0.01%
Jul 03 2017 14:00,6.79467,6.79749,6.79467,6.79644,17.7,0.03%
Jul 03 2017 13:00,6.79411,6.79604,6.79263,6.79474,6.3,0.01%
Jul 03 2017 12:00,6.79606,6.79649,6.79277,6.79412,-19.4,-0.03%
Jul 03 2017 11:00,6.79419,6.79656,6.79273,6.79595,17.6,0.03%
Jul 03 2017 10:00,6.79617,6.79697,6.79379,6.79418,-19.9,-0.03%
Jul 03 2017 09:00,6.79316,6.79659,6.79225,6.79621,30.5,0.04%
Jul 03 2017 08:00,6.78655,6.79417,6.78554,6.79316,66.1,0.10%
Jul 03 2017 07:00,6.78353,6.78698,6.7821,6.78651,29.8,0.04%
Jul 03 2017 06:00,6.78402,6.78646,6.78128,6.78349,-5.3,-0.01%
Jul 03 2017 05:00,6.78123,6.7841,6.7803,6.78405,28.2,0.04%
Jul 03 2017 04:00,6.77962,6.78125,6.77962,6.78124,16.2,0.02%
Jul 03 2017 03:00,6.78174,6.78207,6.77699,6.77965,-20.9,-0.03%
Jul 03 2017 02:00,6.78197,6.7857,6.78035,6.78175,-2.2,0.00%
Jul 03 2017 01:00,6.77515,6.78279,6.77379,6.78196,68.1,0.10%
Jul 03 2017 00:00,6.77624,6.77625,6.77267,6.77524,-10,-0.01%
Jul 02 2017 23:00,6.77991,6.77995,6.77588,6.77621,-37,-0.05%
Jul 02 2017 22:00,6.77931,6.77976,6.77906,6.77975,4.4,0.01%
Jul 02 2017 21:00,6.7791,6.7794,6.7791,6.7794,3,0.00%
Jun 30 2017 20:00,6.77936,6.77989,6.77776,6.77783,-15.3,-0.02%
Jun 30 2017 19:00,6.78008,6.78108,6.77934,6.77934,-7.4,-0.01%
Jun 30 2017 18:00,6.77837,6.78016,6.77822,6.7801,17.3,0.03%
Jun 30 2017 17:00,6.77674,6.77864,6.77663,6.77835,16.1,0.02%
Jun 30 2017 16:00,6.77999,6.7804,6.77675,6.77677,-32.2,-0.05%
Jun 30 2017 15:00,6.78033,6.7812,6.7769,6.78,-3.3,0.00%
Jun 30 2017 14:00,6.7834,6.78344,6.78002,6.78039,-30.1,-0.04%
Jun 30 2017 13:00,6.7811,6.78358,6.77878,6.78335,22.5,0.03%
Jun 30 2017 12:00,6.77949,6.78265,6.77671,6.78114,16.5,0.02%
Jun 30 2017 11:00,6.77924,6.78114,6.7779,6.77947,2.3,0.00%
Jun 30 2017 10:00,6.78193,6.78279,6.77873,6.77922,-27.1,-0.04%
Jun 30 2017 09:00,6.7832,6.78376,6.78122,6.78199,-12.1,-0.02%
Jun 30 2017 08:00,6.77857,6.78654,6.77561,6.78321,46.4,0.07%
Jun 30 2017 07:00,6.77228,6.7797,6.77068,6.77869,64.1,0.09%
Jun 30 2017 06:00,6.76875,6.77396,6.76517,6.77237,36.2,0.05%
Jun 30 2017 05:00,6.76451,6.76917,6.76388,6.76873,42.2,0.06%
Jun 30 2017 04:00,6.76552,6.76581,6.76138,6.76451,-10.1,-0.01%
Jun 30 2017 03:00,6.76201,6.76658,6.75863,6.76549,34.8,0.05%
Jun 30 2017 02:00,6.77705,6.77803,6.75811,6.76201,-150.4,-0.22%
Jun 30 2017 01:00,6.79126,6.79154,6.77334,6.77709,-141.7,-0.21%
Jun 30 2017 00:00,6.7907,6.7954,6.7899,6.79134,6.4,0.01%
Jun 29 2017 23:00,6.79202,6.79211,6.78814,6.79067,-13.5,-0.02%
Jun 29 2017 22:00,6.79243,6.79332,6.79112,6.79203,-4,-0.01%
Jun 29 2017 21:00,6.79136,6.79264,6.79122,6.79245,10.9,0.02%
Jun 29 2017 20:00,6.79699,6.7971,6.79286,6.79291,-40.8,-0.06%
Jun 29 2017 19:00,6.79845,6.79854,6.79641,6.79694,-15.1,-0.02%
Jun 29 2017 18:00,6.8017,6.8017,6.7979,6.79863,-30.7,-0.05%
Jun 29 2017 17:00,6.80407,6.80432,6.80133,6.80168,-23.9,-0.04%
Jun 29 2017 16:00,6.79872,6.80456,6.79865,6.80427,55.5,0.08%
Jun 29 2017 15:00,6.79311,6.79959,6.7919,6.79871,56,0.08%
Jun 29 2017 14:00,6.79217,6.79518,6.7882,6.79311,9.4,0.01%
Jun 29 2017 13:00,6.79438,6.7948,6.79155,6.79213,-22.5,-0.03%
Jun 29 2017 12:00,6.79264,6.79447,6.79137,6.79436,17.2,0.03%
Jun 29 2017 11:00,6.78964,6.79436,6.78896,6.79269,30.5,0.04%
Jun 29 2017 10:00,6.78799,6.78968,6.78575,6.78968,16.9,0.02%
Jun 29 2017 09:00,6.7866,6.79087,6.78506,6.78801,14.1,0.02%
Jun 29 2017 08:00,6.78357,6.78907,6.78278,6.78658,30.1,0.04%
Jun 29 2017 07:00,6.78346,6.78566,6.77956,6.7835,0.4,0.00%
Jun 29 2017 06:00,6.78738,6.78738,6.78172,6.78346,-39.2,-0.06%
Jun 29 2017 05:00,6.78725,6.78862,6.7865,6.78737,1.2,0.00%
Jun 29 2017 04:00,6.78527,6.78727,6.78515,6.7872,19.3,0.03%
Jun 29 2017 03:00,6.78574,6.78908,6.78504,6.7853,-4.4,-0.01%
Jun 29 2017 02:00,6.78537,6.79033,6.78453,6.78577,4,0.01%
Jun 29 2017 01:00,6.79389,6.79629,6.78149,6.7854,-84.9,-0.13%
Jun 29 2017 00:00,6.79445,6.79811,6.79237,6.79385,-6,-0.01%
Jun 28 2017 23:00,6.79695,6.79777,6.79424,6.7945,-24.5,-0.04%
Jun 28 2017 22:00,6.80205,6.80205,6.79692,6.79692,-51.3,-0.08%
Jun 28 2017 21:00,6.80096,6.80257,6.80096,6.80207,11.1,0.02%
Jun 28 2017 20:00,6.80144,6.80281,6.80137,6.80281,13.7,0.02%
Jun 28 2017 19:00,6.80281,6.80291,6.80141,6.80171,-11,-0.02%
Jun 28 2017 18:00,6.80359,6.80373,6.8022,6.80278,-8.1,-0.01%
Jun 28 2017 17:00,6.80198,6.80413,6.80008,6.80343,14.5,0.02%
Jun 28 2017 16:00,6.80508,6.80523,6.80124,6.80201,-30.7,-0.05%
Jun 28 2017 15:00,6.80593,6.80646,6.80389,6.80505,-8.8,-0.01%
Jun 28 2017 14:00,6.80465,6.80604,6.80263,6.80596,13.1,0.02%
Jun 28 2017 13:00,6.80708,6.80933,6.80272,6.8046,-24.8,-0.04%
Jun 28 2017 12:00,6.80716,6.8113,6.80489,6.80709,-0.7,0.00%
Jun 28 2017 11:00,6.80334,6.80725,6.80334,6.80714,38,0.06%
Jun 28 2017 10:00,6.80302,6.80393,6.80093,6.80332,3,0.00%
Jun 28 2017 09:00,6.80454,6.80511,6.8023,6.80304,-15,-0.02%
Jun 28 2017 08:00,6.80309,6.8064,6.80072,6.80453,14.4,0.02%
Jun 28 2017 07:00,6.80792,6.80798,6.79841,6.8031,-48.2,-0.07%
Jun 28 2017 06:00,6.80037,6.80801,6.79712,6.80793,75.6,0.11%
Jun 28 2017 05:00,6.80336,6.80341,6.79773,6.80038,-29.8,-0.04%
Jun 28 2017 04:00,6.8023,6.80364,6.8014,6.80338,10.8,0.02%
Jun 28 2017 03:00,6.80222,6.80328,6.79788,6.80228,0.6,0.00%
Jun 28 2017 02:00,6.80239,6.80776,6.79922,6.80222,-1.7,0.00%
Jun 28 2017 01:00,6.80553,6.811,6.79583,6.80241,-31.2,-0.05%
Jun 28 2017 00:00,6.81029,6.81109,6.80237,6.80548,-48.1,-0.07%
Jun 27 2017 23:00,6.81427,6.81427,6.8098,6.81028,-39.9,-0.06%
Jun 27 2017 22:00,6.8145,6.8145,6.81347,6.81443,-0.7,0.00%
Jun 27 2017 21:00,6.81193,6.8145,6.81193,6.8145,25.7,0.04%
Jun 27 2017 20:00,6.81379,6.81417,6.81293,6.81327,-5.2,-0.01%
Jun 27 2017 19:00,6.81307,6.81427,6.81296,6.81378,7.1,0.01%
Jun 27 2017 18:00,6.8166,6.81668,6.81311,6.81312,-34.8,-0.05%
Jun 27 2017 17:00,6.81988,6.82066,6.81643,6.81665,-32.3,-0.05%
Jun 27 2017 16:00,6.81817,6.82021,6.8176,6.81992,17.5,0.03%
Jun 27 2017 15:00,6.81808,6.81862,6.81731,6.81817,0.9,0.00%
Jun 27 2017 14:00,6.81647,6.81973,6.81618,6.81809,16.2,0.02%
Jun 27 2017 13:00,6.81826,6.81937,6.81581,6.8164,-18.6,-0.03%
Jun 27 2017 12:00,6.81642,6.82007,6.81474,6.81835,19.3,0.03%
Jun 27 2017 11:00,6.81685,6.81877,6.81472,6.81638,-4.7,-0.01%
Jun 27 2017 10:00,6.81741,6.81769,6.81503,6.81688,-5.3,-0.01%
Jun 27 2017 09:00,6.81511,6.81776,6.81278,6.81738,22.7,0.03%
Jun 27 2017 08:00,6.8266,6.82664,6.80792,6.81507,-115.3,-0.17%
Jun 27 2017 07:00,6.82704,6.82887,6.82498,6.82653,-5.1,-0.01%
Jun 27 2017 06:00,6.84695,6.84709,6.82408,6.82704,-199.1,-0.29%
Jun 27 2017 05:00,6.84596,6.84786,6.84547,6.84696,10,0.01%
Jun 27 2017 04:00,6.84613,6.84697,6.84587,6.84594,-1.9,0.00%
Jun 27 2017 03:00,6.84809,6.84946,6.84553,6.84614,-19.5,-0.03%
Jun 27 2017 02:00,6.85111,6.85217,6.84813,6.84813,-29.8,-0.04%
Jun 27 2017 01:00,6.85329,6.85334,6.84987,6.85105,-22.4,-0.03%
Jun 27 2017 00:00,6.85755,6.85789,6.8529,6.85331,-42.4,-0.06%
Jun 26 2017 23:00,6.85586,6.85795,6.85586,6.85754,16.8,0.02%
Jun 26 2017 22:00,6.85568,6.85595,6.85526,6.85567,-0.1,0.00%
Jun 26 2017 21:00,6.84731,6.85761,6.84731,6.85574,84.3,0.12%
Jun 26 2017 20:00,6.85812,6.8582,6.85773,6.85776,-3.6,-0.01%
Jun 26 2017 19:00,6.85868,6.8588,6.85782,6.85813,-5.5,-0.01%
Jun 26 2017 18:00,6.85355,6.8593,6.8534,6.85875,52,0.08%
Jun 26 2017 17:00,6.85256,6.85445,6.85212,6.85354,9.8,0.01%
Jun 26 2017 16:00,6.85216,6.85319,6.85216,6.85251,3.5,0.01%
Jun 26 2017 15:00,6.84975,6.85283,6.84975,6.85217,24.2,0.04%
Jun 26 2017 14:00,6.85102,6.85157,6.849,6.84971,-13.1,-0.02%
Jun 26 2017 13:00,6.84949,6.85226,6.84839,6.85099,15,0.02%
Jun 26 2017 12:00,6.85354,6.85388,6.84727,6.8495,-40.4,-0.06%
Jun 26 2017 11:00,6.85324,6.85449,6.85234,6.85356,3.2,0.00%
Jun 26 2017 10:00,6.85356,6.85384,6.85215,6.85319,-3.7,-0.01%
Jun 26 2017 09:00,6.84852,6.85368,6.84828,6.85368,51.6,0.08%
Jun 26 2017 08:00,6.84588,6.85072,6.8458,6.84852,26.4,0.04%
Jun 26 2017 07:00,6.8503,6.85312,6.84419,6.84586,-44.4,-0.06%
Jun 26 2017 06:00,6.84862,6.85495,6.84851,6.85038,17.6,0.03%
Jun 26 2017 05:00,6.84778,6.84872,6.84699,6.84863,8.5,0.01%
Jun 26 2017 04:00,6.84655,6.8484,6.84596,6.84774,11.9,0.02%
Jun 26 2017 03:00,6.84175,6.84872,6.84175,6.84654,47.9,0.07%
Jun 26 2017 02:00,6.83952,6.84202,6.83764,6.84176,22.4,0.03%
Jun 26 2017 01:00,6.83783,6.84105,6.83741,6.83956,17.3,0.03%
Jun 26 2017 00:00,6.83682,6.83897,6.83431,6.83784,10.2,0.01%
Jun 25 2017 23:00,6.83663,6.83684,6.83645,6.83682,1.9,0.00%
Jun 25 2017 22:00,6.83634,6.83667,6.83613,6.83653,1.9,0.00%
Jun 25 2017 21:00,6.83545,6.83617,6.83543,6.83614,6.9,0.01%
Jun 23 2017 20:00,6.83855,6.83921,6.83841,6.83852,-0.3,0.00%
Jun 23 2017 19:00,6.83889,6.8391,6.83786,6.83854,-3.5,-0.01%
Jun 23 2017 18:00,6.83894,6.83926,6.83786,6.83882,-1.2,0.00%
Jun 23 2017 17:00,6.83864,6.83925,6.83859,6.83888,2.4,0.00%
Jun 23 2017 16:00,6.83922,6.83956,6.83823,6.83863,-5.9,-0.01%
Jun 23 2017 15:00,6.83664,6.83943,6.83664,6.83923,25.9,0.04%
Jun 23 2017 14:00,6.83842,6.8396,6.83627,6.83664,-17.8,-0.03%
Jun 23 2017 13:00,6.83826,6.84064,6.83733,6.83867,4.1,0.01%
Jun 23 2017 12:00,6.83868,6.84018,6.83731,6.83822,-4.6,-0.01%
Jun 23 2017 11:00,6.83826,6.84071,6.83727,6.83872,4.6,0.01%
Jun 23 2017 10:00,6.83756,6.83867,6.83703,6.83824,6.8,0.01%
Jun 23 2017 09:00,6.83703,6.83846,6.83598,6.83757,5.4,0.01%
Jun 23 2017 08:00,6.83791,6.83809,6.83557,6.8369,-10.1,-0.01%
Jun 23 2017 07:00,6.83977,6.83981,6.83541,6.83792,-18.5,-0.03%
Jun 23 2017 06:00,6.84,6.84028,6.83824,6.83979,-2.1,0.00%
Jun 23 2017 05:00,6.84143,6.842,6.83842,6.83996,-14.7,-0.02%
Jun 23 2017 04:00,6.84348,6.84375,6.84107,6.84147,-20.1,-0.03%
Jun 23 2017 03:00,6.84204,6.84414,6.84147,6.84345,14.1,0.02%
Jun 23 2017 02:00,6.84031,6.84216,6.83847,6.84208,17.7,0.03%
Jun 23 2017 01:00,6.83518,6.84374,6.83435,6.84032,51.4,0.08%
Jun 23 2017 00:00,6.83531,6.83755,6.835,6.83518,-1.3,0.00%
Jun 22 2017 23:00,6.83792,6.83792,6.83524,6.83533,-25.9,-0.04%
Jun 22 2017 22:00,6.83761,6.8385,6.83761,6.83792,3.1,0.00%
Jun 22 2017 21:00,6.83588,6.83804,6.83511,6.83761,17.3,0.03%
Jun 22 2017 20:00,6.83594,6.83662,6.83584,6.8365,5.6,0.01%
Jun 22 2017 19:00,6.83592,6.83635,6.83489,6.83594,0.2,0.00%
Jun 22 2017 18:00,6.83503,6.83584,6.83503,6.83571,6.8,0.01%
Jun 22 2017 17:00,6.83381,6.8356,6.83368,6.83501,12,0.02%
Jun 22 2017 16:00,6.83631,6.83646,6.83362,6.83385,-24.6,-0.04%
Jun 22 2017 15:00,6.83445,6.83648,6.83347,6.83627,18.2,0.03%
Jun 22 2017 14:00,6.83401,6.83623,6.83304,6.83453,5.2,0.01%
Jun 22 2017 13:00,6.8332,6.83496,6.83244,6.83402,8.2,0.01%
Jun 22 2017 12:00,6.83409,6.83436,6.83233,6.83322,-8.7,-0.01%
Jun 22 2017 11:00,6.834,6.83596,6.83338,6.83415,1.5,0.00%
Jun 22 2017 10:00,6.83454,6.83518,6.83321,6.83401,-5.3,-0.01%
Jun 22 2017 09:00,6.83423,6.83585,6.83206,6.83455,3.2,0.00%
Jun 22 2017 08:00,6.8316,6.83591,6.83038,6.83424,26.4,0.04%
Jun 22 2017 07:00,6.83116,6.8349,6.83099,6.83173,5.7,0.01%
Jun 22 2017 06:00,6.82969,6.83194,6.82951,6.83114,14.5,0.02%
Jun 22 2017 05:00,6.83083,6.8312,6.82902,6.82971,-11.2,-0.02%
Jun 22 2017 04:00,6.83155,6.83173,6.82974,6.83084,-7.1,-0.01%
Jun 22 2017 03:00,6.83069,6.832,6.82959,6.83155,8.6,0.01%
Jun 22 2017 02:00,6.83193,6.8323,6.82686,6.83066,-12.7,-0.02%
Jun 22 2017 01:00,6.82889,6.83379,6.82877,6.83191,30.2,0.04%
Jun 22 2017 00:00,6.83032,6.83032,6.8256,6.8289,-14.2,-0.02%
Jun 21 2017 23:00,6.83118,6.83118,6.82974,6.83034,-8.4,-0.01%
Jun 21 2017 22:00,6.8311,6.83124,6.83093,6.83119,0.9,0.00%
Jun 21 2017 21:00,6.82828,6.83155,6.82828,6.83112,28.4,0.04%
Jun 21 2017 20:00,6.83003,6.83107,6.82976,6.83097,9.4,0.01%
Jun 21 2017 19:00,6.82991,6.83108,6.82991,6.83001,1,0.00%
Jun 21 2017 18:00,6.83044,6.83061,6.82963,6.82993,-5.1,-0.01%
Jun 21 2017 17:00,6.82908,6.83084,6.82826,6.83043,13.5,0.02%
Jun 21 2017 16:00,6.83051,6.83062,6.82905,6.82905,-14.6,-0.02%
Jun 21 2017 15:00,6.82961,6.83082,6.82896,6.83057,9.6,0.01%
Jun 21 2017 14:00,6.82968,6.83149,6.8282,6.82962,-0.6,0.00%
Jun 21 2017 13:00,6.82888,6.83157,6.82865,6.82973,8.5,0.01%
Jun 21 2017 12:00,6.82994,6.83076,6.82689,6.8289,-10.4,-0.02%
Jun 21 2017 11:00,6.82775,6.83,6.82624,6.82992,21.7,0.03%
Jun 21 2017 10:00,6.82964,6.83106,6.82667,6.82776,-18.8,-0.03%
Jun 21 2017 09:00,6.82991,6.83039,6.82892,6.82962,-2.9,0.00%
Jun 21 2017 08:00,6.82891,6.83146,6.82865,6.8301,11.9,0.02%
Jun 21 2017 07:00,6.83041,6.83145,6.82685,6.82887,-15.4,-0.02%
Jun 21 2017 06:00,6.83041,6.83228,6.82901,6.83041,0,0.00%
Jun 21 2017 05:00,6.82868,6.83329,6.82826,6.83041,17.3,0.03%
Jun 21 2017 04:00,6.82751,6.82869,6.82708,6.82868,11.7,0.02%
Jun 21 2017 03:00,6.82714,6.82826,6.82668,6.8275,3.6,0.01%
Jun 21 2017 02:00,6.82783,6.82905,6.82635,6.82723,-6,-0.01%
Jun 21 2017 01:00,6.82092,6.8285,6.82091,6.82781,68.9,0.10%
Jun 21 2017 00:00,6.81872,6.82169,6.81838,6.82092,22,0.03%
Jun 20 2017 23:00,6.82068,6.82107,6.81831,6.81876,-19.2,-0.03%
Jun 20 2017 22:00,6.82265,6.82265,6.82045,6.82072,-19.3,-0.03%
Jun 20 2017 21:00,6.82139,6.82176,6.82066,6.82169,3,0.00%
Jun 20 2017 20:00,6.82575,6.82695,6.82029,6.82221,-35.4,-0.05%
Jun 20 2017 19:00,6.82559,6.82603,6.82504,6.8256,0.1,0.00%
Jun 20 2017 18:00,6.82778,6.82784,6.82512,6.82561,-21.7,-0.03%
Jun 20 2017 17:00,6.82801,6.82867,6.82716,6.82775,-2.6,0.00%
Jun 20 2017 16:00,6.82879,6.82922,6.82722,6.82803,-7.6,-0.01%
Jun 20 2017 15:00,6.82726,6.83293,6.82724,6.82874,14.8,0.02%
Jun 20 2017 14:00,6.82804,6.82927,6.82551,6.82722,-8.2,-0.01%
Jun 20 2017 13:00,6.82507,6.82855,6.82433,6.82805,29.8,0.04%
Jun 20 2017 12:00,6.82519,6.82723,6.82307,6.82505,-1.4,0.00%
Jun 20 2017 11:00,6.82599,6.82599,6.82237,6.82524,-7.5,-0.01%
Jun 20 2017 10:00,6.82529,6.82672,6.82248,6.82597,6.8,0.01%
Jun 20 2017 09:00,6.82455,6.82749,6.82397,6.8253,7.5,0.01%
Jun 20 2017 08:00,6.83265,6.83618,6.82451,6.82455,-81,-0.12%
Jun 20 2017 07:00,6.83184,6.83697,6.83175,6.83265,8.1,0.01%
Jun 20 2017 06:00,6.83228,6.83283,6.82976,6.83189,-3.9,-0.01%
Jun 20 2017 05:00,6.83401,6.83505,6.83177,6.83229,-17.2,-0.03%
Jun 20 2017 04:00,6.83287,6.83504,6.83208,6.83401,11.4,0.02%
Jun 20 2017 03:00,6.83075,6.83383,6.83029,6.83282,20.7,0.03%
Jun 20 2017 02:00,6.82931,6.834,6.82924,6.83072,14.1,0.02%
Jun 20 2017 01:00,6.83211,6.83219,6.82878,6.82927,-28.4,-0.04%
Jun 20 2017 00:00,6.82908,6.83299,6.82754,6.83215,30.7,0.04%
Jun 19 2017 23:00,6.82901,6.82989,6.82803,6.82884,-1.7,0.00%
Jun 19 2017 22:00,6.82801,6.83014,6.82746,6.82879,7.8,0.01%
Jun 19 2017 21:00,6.82631,6.82785,6.82601,6.82785,15.4,0.02%
Jun 19 2017 20:00,6.82837,6.82855,6.82659,6.82687,-15,-0.02%
Jun 19 2017 19:00,6.82696,6.82993,6.82692,6.82831,13.5,0.02%
Jun 19 2017 18:00,6.82759,6.82778,6.82659,6.82698,-6.1,-0.01%
Jun 19 2017 17:00,6.82748,6.82843,6.82619,6.8276,1.2,0.00%
Jun 19 2017 16:00,6.82659,6.82847,6.82639,6.82749,9,0.01%
Jun 19 2017 15:00,6.82616,6.82753,6.82512,6.82662,4.6,0.01%
Jun 19 2017 14:00,6.82796,6.82897,6.82486,6.82624,-17.2,-0.03%
Jun 19 2017 13:00,6.82529,6.82926,6.82369,6.82827,29.8,0.04%
Jun 19 2017 12:00,6.81922,6.82704,6.81837,6.82533,61.1,0.09%
Jun 19 2017 11:00,6.82046,6.82091,6.81852,6.81922,-12.4,-0.02%
Jun 19 2017 10:00,6.82057,6.82239,6.81973,6.82069,1.2,0.00%
Jun 19 2017 09:00,6.82243,6.82275,6.8188,6.82058,-18.5,-0.03%
Jun 19 2017 08:00,6.82204,6.82303,6.82077,6.82236,3.2,0.00%
Jun 19 2017 07:00,6.81788,6.82316,6.81758,6.82198,41,0.06%
Jun 19 2017 06:00,6.81157,6.82119,6.81117,6.81775,61.8,0.09%
Jun 19 2017 05:00,6.8109,6.81231,6.8102,6.8116,7,0.01%
Jun 19 2017 04:00,6.81064,6.81109,6.81012,6.81082,1.8,0.00%
Jun 19 2017 03:00,6.80947,6.81112,6.80884,6.81065,11.8,0.02%
Jun 19 2017 02:00,6.80853,6.81238,6.80853,6.80947,9.4,0.01%
Jun 19 2017 01:00,6.809,6.81109,6.80606,6.80849,-5.1,-0.01%
Jun 19 2017 00:00,6.81109,6.8118,6.80617,6.80909,-20,-0.03%
Jun 18 2017 23:00,6.81003,6.81114,6.80974,6.81114,11.1,0.02%
Jun 18 2017 22:00,6.80998,6.81016,6.80998,6.81002,0.4,0.00%
Jun 18 2017 21:00,6.80865,6.81025,6.80865,6.80996,13.1,0.02%
Jun 16 2017 20:00,6.80948,6.81304,6.80947,6.81149,20.1,0.03%
Jun 16 2017 19:00,6.81097,6.81098,6.8096,6.8096,-13.7,-0.02%
Jun 16 2017 18:00,6.81162,6.81174,6.8106,6.81099,-6.3,-0.01%
Jun 16 2017 17:00,6.8136,6.8138,6.81152,6.81154,-20.6,-0.03%
Jun 16 2017 16:00,6.81418,6.81422,6.81307,6.81358,-6,-0.01%
Jun 16 2017 15:00,6.814,6.8151,6.81261,6.81415,1.5,0.00%
Jun 16 2017 14:00,6.81579,6.81704,6.81231,6.81398,-18.1,-0.03%
Jun 16 2017 13:00,6.81477,6.818,6.81407,6.81577,10,0.01%
Jun 16 2017 12:00,6.81824,6.81832,6.81247,6.8148,-34.4,-0.05%
Jun 16 2017 11:00,6.81337,6.81844,6.81334,6.81821,48.4,0.07%
Jun 16 2017 10:00,6.8169,6.817,6.81242,6.81335,-35.5,-0.05%
Jun 16 2017 09:00,6.81744,6.8181,6.81555,6.817,-4.4,-0.01%
Jun 16 2017 08:00,6.81927,6.82077,6.81529,6.81747,-18,-0.03%
Jun 16 2017 07:00,6.82037,6.82132,6.8172,6.8193,-10.7,-0.02%
Jun 16 2017 06:00,6.82622,6.83031,6.81733,6.82037,-58.5,-0.09%
Jun 16 2017 05:00,6.82515,6.83262,6.82121,6.82622,10.7,0.02%
Jun 16 2017 04:00,6.82421,6.82641,6.82161,6.82514,9.3,0.01%
Jun 16 2017 03:00,6.81194,6.82411,6.81194,6.82411,121.7,0.18%
Jun 16 2017 02:00,6.80842,6.81505,6.8079,6.81202,36,0.05%
Jun 16 2017 01:00,6.80392,6.81011,6.79979,6.80847,45.5,0.07%
Jun 16 2017 00:00,6.80564,6.80959,6.80301,6.80393,-17.1,-0.03%
Jun 15 2017 23:00,6.80557,6.80748,6.80464,6.80546,-1.1,0.00%
Jun 15 2017 22:00,6.80634,6.80646,6.80507,6.80556,-7.8,-0.01%
Jun 15 2017 21:00,6.80488,6.80635,6.80458,6.80634,14.6,0.02%
Jun 15 2017 20:00,6.80655,6.80737,6.8065,6.80697,4.2,0.01%
Jun 15 2017 19:00,6.80931,6.80931,6.80558,6.80663,-26.8,-0.04%
Jun 15 2017 18:00,6.80913,6.80939,6.80906,6.80929,1.6,0.00%
Jun 15 2017 17:00,6.80892,6.80972,6.80851,6.80917,2.5,0.00%
Jun 15 2017 16:00,6.80772,6.80955,6.8074,6.80889,11.7,0.02%
Jun 15 2017 15:00,6.8075,6.81077,6.8063,6.8077,2,0.00%
Jun 15 2017 14:00,6.80838,6.81107,6.80624,6.80757,-8.1,-0.01%
Jun 15 2017 13:00,6.81008,6.8103,6.80431,6.80837,-17.1,-0.03%
Jun 15 2017 12:00,6.8105,6.8122,6.80934,6.81007,-4.3,-0.01%
Jun 15 2017 11:00,6.80381,6.81205,6.80364,6.8105,66.9,0.10%
Jun 15 2017 10:00,6.80201,6.808,6.8008,6.80378,17.7,0.03%
Jun 15 2017 09:00,6.792,6.80322,6.79198,6.80212,101.2,0.15%
Jun 15 2017 08:00,6.78835,6.79301,6.78817,6.79199,36.4,0.05%
Jun 15 2017 07:00,6.7838,6.79004,6.78356,6.78837,45.7,0.07%
Jun 15 2017 06:00,6.78446,6.78581,6.78361,6.78381,-6.5,-0.01%
Jun 15 2017 05:00,6.78372,6.78544,6.78351,6.78446,7.4,0.01%
Jun 15 2017 04:00,6.78307,6.78384,6.78233,6.78372,6.5,0.01%
Jun 15 2017 03:00,6.78352,6.78495,6.78233,6.78312,-4,-0.01%
Jun 15 2017 02:00,6.78481,6.7863,6.78335,6.7836,-12.1,-0.02%
Jun 15 2017 01:00,6.78321,6.78612,6.78036,6.78474,15.3,0.02%
Jun 15 2017 00:00,6.78534,6.78617,6.77926,6.78319,-21.5,-0.03%
Jun 14 2017 23:00,6.78789,6.78821,6.78448,6.78536,-25.3,-0.04%
Jun 14 2017 22:00,6.78526,6.78787,6.78526,6.78787,26.1,0.04%
Jun 14 2017 21:00,6.78422,6.78535,6.78419,6.78527,10.5,0.02%
Jun 14 2017 20:00,6.78592,6.78617,6.78541,6.78549,-4.3,-0.01%
Jun 14 2017 19:00,6.78658,6.78969,6.78567,6.78595,-6.3,-0.01%
Jun 14 2017 18:00,6.77258,6.7869,6.77258,6.78654,139.6,0.21%
Jun 14 2017 17:00,6.77866,6.78062,6.7726,6.7726,-60.6,-0.09%
Jun 14 2017 16:00,6.77896,6.77983,6.7785,6.77864,-3.2,0.00%
Jun 14 2017 15:00,6.77741,6.77907,6.77717,6.77886,14.5,0.02%
Jun 14 2017 14:00,6.7814,6.78157,6.77632,6.77742,-39.8,-0.06%
Jun 14 2017 13:00,6.7814,6.78269,6.78038,6.78148,0.8,0.00%
Jun 14 2017 12:00,6.79018,6.79048,6.78089,6.78133,-88.5,-0.13%
Jun 14 2017 11:00,6.79188,6.7925,6.78985,6.7902,-16.8,-0.02%
Jun 14 2017 10:00,6.79032,6.79243,6.7903,6.79192,16,0.02%
Jun 14 2017 09:00,6.78957,6.79163,6.78863,6.79028,7.1,0.01%
Jun 14 2017 08:00,6.7902,6.7908,6.78848,6.78956,-6.4,-0.01%
Jun 14 2017 07:00,6.78915,6.7905,6.78908,6.7902,10.5,0.02%
Jun 14 2017 06:00,6.78947,6.79009,6.78798,6.78919,-2.8,0.00%
Jun 14 2017 05:00,6.79026,6.79044,6.78846,6.78947,-7.9,-0.01%
Jun 14 2017 04:00,6.78891,6.79149,6.78862,6.79022,13.1,0.02%
Jun 14 2017 03:00,6.78933,6.78973,6.78819,6.78888,-4.5,-0.01%
Jun 14 2017 02:00,6.78926,6.79052,6.78859,6.78937,1.1,0.00%
Jun 14 2017 01:00,6.78602,6.78982,6.78484,6.78926,32.4,0.05%
Jun 14 2017 00:00,6.78867,6.78908,6.78493,6.78599,-26.8,-0.04%
Jun 13 2017 23:00,6.78567,6.78898,6.78567,6.78867,30,0.04%
Jun 13 2017 22:00,6.78573,6.78575,6.78552,6.78552,-2.1,0.00%
Jun 13 2017 21:00,6.78482,6.78602,6.78469,6.7857,8.8,0.01%
Jun 13 2017 20:00,6.78581,6.78581,6.78518,6.78558,-2.3,0.00%
Jun 13 2017 19:00,6.78562,6.78572,6.78479,6.78572,1,0.00%
Jun 13 2017 18:00,6.78778,6.78778,6.78532,6.78568,-21,-0.03%
Jun 13 2017 17:00,6.78858,6.7902,6.78736,6.78771,-8.7,-0.01%
Jun 13 2017 16:00,6.79171,6.79179,6.78795,6.78859,-31.2,-0.05%
Jun 13 2017 15:00,6.78948,6.7919,6.7882,6.7918,23.2,0.03%
Jun 13 2017 14:00,6.78843,6.79014,6.78719,6.7895,10.7,0.02%
Jun 13 2017 13:00,6.78783,6.79098,6.78736,6.78843,6,0.01%
Jun 13 2017 12:00,6.78843,6.78871,6.78652,6.78785,-5.8,-0.01%
Jun 13 2017 11:00,6.78946,6.79057,6.78741,6.78847,-9.9,-0.01%
Jun 13 2017 10:00,6.78938,6.79122,6.78913,6.78951,1.3,0.00%
Jun 13 2017 09:00,6.78901,6.79056,6.78886,6.78941,4,0.01%
Jun 13 2017 08:00,6.79158,6.7924,6.78892,6.78898,-26,-0.04%
Jun 13 2017 07:00,6.78857,6.79219,6.7882,6.79169,31.2,0.05%
Jun 13 2017 06:00,6.78917,6.78958,6.78698,6.78855,-6.2,-0.01%
Jun 13 2017 05:00,6.78795,6.79032,6.78732,6.7892,12.5,0.02%
Jun 13 2017 04:00,6.78883,6.78901,6.78767,6.78795,-8.8,-0.01%
Jun 13 2017 03:00,6.7881,6.78934,6.78683,6.7888,7,0.01%
Jun 13 2017 02:00,6.79064,6.79064,6.78777,6.78809,-25.5,-0.04%
Jun 13 2017 01:00,6.79271,6.79397,6.78657,6.79062,-20.9,-0.03%
Jun 13 2017 00:00,6.7955,6.79604,6.7917,6.79267,-28.3,-0.04%
Jun 12 2017 23:00,6.79454,6.79697,6.79451,6.79573,11.9,0.02%
Jun 12 2017 22:00,6.79495,6.79514,6.79413,6.79471,-2.4,0.00%
Jun 12 2017 21:00,6.79369,6.79498,6.79359,6.79474,10.5,0.02%
Jun 12 2017 20:00,6.79467,6.79654,6.79387,6.79501,3.4,0.01%
Jun 12 2017 19:00,6.79429,6.79533,6.79309,6.79465,3.6,0.01%
Jun 12 2017 18:00,6.79247,6.79646,6.79175,6.79428,18.1,0.03%
Jun 12 2017 17:00,6.79164,6.79298,6.79061,6.79247,8.3,0.01%
Jun 12 2017 16:00,6.79163,6.7919,6.79154,6.79164,0.1,0.00%
Jun 12 2017 15:00,6.78996,6.79171,6.78977,6.79162,16.6,0.02%
Jun 12 2017 14:00,6.79143,6.79204,6.78972,6.79,-14.3,-0.02%
Jun 12 2017 13:00,6.79225,6.79239,6.78943,6.7914,-8.5,-0.01%
Jun 12 2017 12:00,6.79477,6.79477,6.78979,6.79227,-25,-0.04%
Jun 12 2017 11:00,6.79432,6.79503,6.79411,6.79481,4.9,0.01%
Jun 12 2017 10:00,6.79555,6.79588,6.79313,6.79404,-15.1,-0.02%
Jun 12 2017 09:00,6.79448,6.79683,6.79443,6.79572,12.4,0.02%
Jun 12 2017 08:00,6.79239,6.79697,6.79186,6.79429,19,0.03%
Jun 12 2017 07:00,6.79057,6.79308,6.79025,6.79242,18.5,0.03%
Jun 12 2017 06:00,6.78634,6.79097,6.78539,6.79059,42.5,0.06%
Jun 12 2017 05:00,6.78826,6.78831,6.78603,6.78641,-18.5,-0.03%
Jun 12 2017 04:00,6.78843,6.789,6.78779,6.78826,-1.7,0.00%
Jun 12 2017 03:00,6.78732,6.78867,6.78692,6.78834,10.2,0.02%
Jun 12 2017 02:00,6.78569,6.78787,6.78478,6.78737,16.8,0.02%
Jun 12 2017 01:00,6.7883,6.78848,6.78354,6.78579,-25.1,-0.04%
Jun 12 2017 00:00,6.7859,6.78914,6.78572,6.78829,23.9,0.04%
Jun 11 2017 23:00,6.78316,6.78627,6.78315,6.7859,27.4,0.04%
Jun 11 2017 22:00,6.78289,6.78359,6.7828,6.78313,2.4,0.00%
Jun 11 2017 21:00,6.78206,6.78279,6.78206,6.78266,6,0.01%
Jun 09 2017 20:00,6.78577,6.78647,6.78532,6.78627,5,0.01%
Jun 09 2017 19:00,6.78472,6.78625,6.78364,6.78576,10.4,0.02%
Jun 09 2017 18:00,6.7839,6.78477,6.78342,6.78467,7.7,0.01%
Jun 09 2017 17:00,6.78401,6.78438,6.78323,6.78391,-1,0.00%
Jun 09 2017 16:00,6.78613,6.78613,6.78297,6.78403,-21,-0.03%
Jun 09 2017 15:00,6.78779,6.78807,6.78582,6.78614,-16.5,-0.02%
Jun 09 2017 14:00,6.7907,6.7907,6.78733,6.78767,-30.3,-0.04%
Jun 09 2017 13:00,6.7924,6.79338,6.79028,6.79067,-17.3,-0.03%
Jun 09 2017 12:00,6.79054,6.79244,6.78778,6.79244,19,0.03%
Jun 09 2017 11:00,6.79084,6.791,6.79038,6.79048,-3.6,-0.01%
Jun 09 2017 10:00,6.79077,6.7919,6.78985,6.79088,1.1,0.00%
Jun 09 2017 09:00,6.79304,6.79337,6.78866,6.79077,-22.7,-0.03%
Jun 09 2017 08:00,6.78785,6.79409,6.78784,6.79304,51.9,0.08%
Jun 09 2017 07:00,6.78669,6.7879,6.78508,6.7879,12.1,0.02%
Jun 09 2017 06:00,6.78665,6.78791,6.78346,6.78666,0.1,0.00%
Jun 09 2017 05:00,6.78551,6.78841,6.78485,6.78669,11.8,0.02%
Jun 09 2017 04:00,6.78638,6.78668,6.78439,6.78543,-9.5,-0.01%
Jun 09 2017 03:00,6.78771,6.78771,6.78509,6.78631,-14,-0.02%
Jun 09 2017 02:00,6.78306,6.78771,6.78191,6.78761,45.5,0.07%
Jun 09 2017 01:00,6.7842,6.78495,6.78004,6.7831,-11,-0.02%
Jun 09 2017 00:00,6.7888,6.78889,6.78335,6.78418,-46.2,-0.07%
Jun 08 2017 23:00,6.7862,6.79023,6.78615,6.78873,25.3,0.04%
Jun 08 2017 22:00,6.78541,6.78622,6.78504,6.78617,7.6,0.01%
Jun 08 2017 21:00,6.7767,6.78575,6.7767,6.78534,86.4,0.13%
Jun 08 2017 20:00,6.7832,6.78515,6.78228,6.78354,3.4,0.01%
Jun 08 2017 19:00,6.77923,6.78346,6.77922,6.78322,39.9,0.06%
Jun 08 2017 18:00,6.78009,6.78069,6.77912,6.7792,-8.9,-0.01%
Jun 08 2017 17:00,6.78065,6.78082,6.77998,6.78012,-5.3,-0.01%
Jun 08 2017 16:00,6.78129,6.78218,6.7806,6.78064,-6.5,-0.01%
Jun 08 2017 15:00,6.78074,6.78212,6.78062,6.78128,5.4,0.01%
Jun 08 2017 14:00,6.78268,6.78522,6.78013,6.78079,-18.9,-0.03%
Jun 08 2017 13:00,6.78025,6.78336,6.7775,6.78268,24.3,0.04%
Jun 08 2017 12:00,6.78365,6.78401,6.77976,6.78024,-34.1,-0.05%
Jun 08 2017 11:00,6.78123,6.78401,6.78072,6.78364,24.1,0.04%
Jun 08 2017 10:00,6.78291,6.78295,6.78093,6.78119,-17.2,-0.03%
Jun 08 2017 09:00,6.78001,6.78448,6.7789,6.78288,28.7,0.04%
Jun 08 2017 08:00,6.77759,6.77998,6.77618,6.77998,23.9,0.04%
Jun 08 2017 07:00,6.77306,6.77884,6.77183,6.7776,45.4,0.07%
Jun 08 2017 06:00,6.76906,6.7734,6.76815,6.7731,40.4,0.06%
Jun 08 2017 05:00,6.77137,6.77167,6.76848,6.76909,-22.8,-0.03%
Jun 08 2017 04:00,6.77196,6.77322,6.7714,6.7714,-5.6,-0.01%
Jun 08 2017 03:00,6.77227,6.77287,6.76984,6.77193,-3.4,-0.01%
Jun 08 2017 02:00,6.76795,6.77347,6.76586,6.77228,43.3,0.06%
Jun 08 2017 01:00,6.77172,6.77212,6.76513,6.76802,-37,-0.05%
Jun 08 2017 00:00,6.77298,6.77538,6.77152,6.77158,-14,-0.02%
Jun 07 2017 23:00,6.77168,6.77276,6.77152,6.77276,10.8,0.02%
Jun 07 2017 22:00,6.77227,6.77249,6.77137,6.77161,-6.6,-0.01%
Jun 07 2017 21:00,6.7718,6.77295,6.77163,6.77233,5.3,0.01%
Jun 07 2017 20:00,6.77392,6.77426,6.77281,6.77288,-10.4,-0.02%
Jun 07 2017 19:00,6.77349,6.77435,6.77186,6.77388,3.9,0.01%
Jun 07 2017 18:00,6.77277,6.77379,6.77273,6.77349,7.2,0.01%
Jun 07 2017 17:00,6.77227,6.7744,6.77205,6.77276,4.9,0.01%
Jun 07 2017 16:00,6.77301,6.7746,6.77229,6.7723,-7.1,-0.01%
Jun 07 2017 15:00,6.77178,6.77398,6.77114,6.773,12.2,0.02%
Jun 07 2017 14:00,6.77258,6.77329,6.76907,6.77181,-7.7,-0.01%
Jun 07 2017 13:00,6.7771,6.77735,6.77233,6.77256,-45.4,-0.07%
Jun 07 2017 12:00,6.77804,6.7785,6.77616,6.77707,-9.7,-0.01%
Jun 07 2017 11:00,6.77875,6.77908,6.7761,6.77808,-6.7,-0.01%
Jun 07 2017 10:00,6.77055,6.78097,6.76997,6.77874,81.9,0.12%
Jun 07 2017 09:00,6.7719,6.77376,6.76998,6.77063,-12.7,-0.02%
Jun 07 2017 08:00,6.77361,6.7743,6.77122,6.77183,-17.8,-0.03%
Jun 07 2017 07:00,6.77151,6.77421,6.77081,6.77371,22,0.03%
Jun 07 2017 06:00,6.76891,6.77497,6.76887,6.77148,25.7,0.04%
Jun 07 2017 05:00,6.76678,6.76893,6.76666,6.76893,21.5,0.03%
Jun 07 2017 04:00,6.76964,6.76981,6.76678,6.76679,-28.5,-0.04%
Jun 07 2017 03:00,6.76668,6.77009,6.76649,6.76963,29.5,0.04%
Jun 07 2017 02:00,6.76412,6.76821,6.76412,6.76682,27,0.04%
Jun 07 2017 01:00,6.76108,6.76448,6.75948,6.76408,30,0.04%
Jun 07 2017 00:00,6.75671,6.76118,6.75667,6.76108,43.7,0.06%
Jun 06 2017 23:00,6.75598,6.75785,6.75578,6.75666,6.8,0.01%
Jun 06 2017 22:00,6.75515,6.75613,6.75444,6.75606,9.1,0.01%
Jun 06 2017 21:00,6.75339,6.75543,6.75328,6.75523,18.4,0.03%
Jun 06 2017 20:00,6.75608,6.75609,6.75424,6.75424,-18.4,-0.03%
Jun 06 2017 19:00,6.75727,6.75805,6.75611,6.75611,-11.6,-0.02%
Jun 06 2017 18:00,6.75796,6.75811,6.75706,6.75713,-8.3,-0.01%
Jun 06 2017 17:00,6.75938,6.75964,6.75789,6.75793,-14.5,-0.02%
Jun 06 2017 16:00,6.76063,6.76122,6.75918,6.75935,-12.8,-0.02%
Jun 06 2017 15:00,6.76015,6.76211,6.7576,6.76068,5.3,0.01%
Jun 06 2017 14:00,6.76249,6.7631,6.75871,6.76019,-23,-0.03%
Jun 06 2017 13:00,6.7582,6.76267,6.75626,6.76249,42.9,0.06%
Jun 06 2017 12:00,6.76172,6.76381,6.7579,6.75824,-34.8,-0.05%
Jun 06 2017 11:00,6.7631,6.7637,6.75914,6.76144,-16.6,-0.02%
Jun 06 2017 10:00,6.76983,6.77002,6.76294,6.76298,-68.5,-0.10%
Jun 06 2017 09:00,6.76927,6.77127,6.7679,6.76987,6,0.01%
Jun 06 2017 08:00,6.77059,6.77212,6.7687,6.7693,-12.9,-0.02%
Jun 06 2017 07:00,6.76634,6.77229,6.76608,6.77056,42.2,0.06%
Jun 06 2017 06:01,6.76812,6.76902,6.76347,6.76637,-17.5,-0.03%
Jun 06 2017 05:01,6.77013,6.77083,6.76702,6.76813,-20,-0.03%
Jun 06 2017 04:01,6.77124,6.77259,6.76994,6.77019,-10.5,-0.02%
Jun 06 2017 03:01,6.77004,6.77232,6.76771,6.77127,12.3,0.02%
Jun 06 2017 02:01,6.77476,6.7754,6.76701,6.77005,-47.1,-0.07%
Jun 06 2017 01:01,6.78088,6.78093,6.77453,6.77478,-61,-0.09%
Jun 06 2017 00:00,6.78096,6.78394,6.77996,6.7808,-1.6,0.00%
Jun 05 2017 23:00,6.78052,6.78064,6.78011,6.78062,1,0.00%
Jun 05 2017 22:00,6.78065,6.78068,6.78031,6.78049,-1.6,0.00%
Jun 05 2017 21:00,6.77897,6.7815,6.77897,6.78057,16,0.02%
Jun 05 2017 20:00,6.78139,6.78139,6.77909,6.77909,-23,-0.03%
Jun 05 2017 19:00,6.78123,6.78149,6.7807,6.78149,2.6,0.00%
Jun 05 2017 18:00,6.78177,6.78181,6.77967,6.78114,-6.3,-0.01%
Jun 05 2017 17:00,6.78263,6.78263,6.78057,6.78181,-8.2,-0.01%
Jun 05 2017 16:00,6.78398,6.78431,6.78259,6.78262,-13.6,-0.02%
Jun 05 2017 15:00,6.78181,6.78442,6.78172,6.78402,22.1,0.03%
Jun 05 2017 14:00,6.78301,6.78353,6.78052,6.7818,-12.1,-0.02%
Jun 05 2017 13:00,6.78468,6.78498,6.78248,6.78298,-17,-0.03%
Jun 05 2017 12:00,6.78589,6.78589,6.78293,6.7847,-11.9,-0.02%
Jun 05 2017 11:00,6.78295,6.78717,6.78295,6.78604,30.9,0.05%
Jun 05 2017 10:00,6.78245,6.78397,6.78221,6.78297,5.2,0.01%
Jun 05 2017 09:00,6.77861,6.7825,6.7781,6.7824,37.9,0.06%
Jun 05 2017 08:00,6.78084,6.78283,6.77835,6.7786,-22.4,-0.03%
Jun 05 2017 07:00,6.78089,6.78159,6.77811,6.78082,-0.7,0.00%
Jun 05 2017 06:00,6.78249,6.78271,6.77993,6.78099,-15,-0.02%
Jun 05 2017 05:00,6.77865,6.78352,6.77782,6.78252,38.7,0.06%
Jun 05 2017 04:00,6.77862,6.7811,6.77845,6.77865,0.3,0.00%
Jun 05 2017 03:00,6.77494,6.77922,6.77494,6.77861,36.7,0.05%
Jun 05 2017 02:00,6.78114,6.78252,6.77489,6.77493,-62.1,-0.09%
Jun 05 2017 01:00,6.77747,6.78207,6.77321,6.78117,37,0.05%
Jun 05 2017 00:00,6.77664,6.77815,6.77345,6.77735,7.1,0.01%
Jun 04 2017 23:00,6.77415,6.78061,6.77372,6.77656,24.1,0.04%
Jun 04 2017 22:00,6.7733,6.77524,6.7733,6.77418,8.8,0.01%
Jun 04 2017 21:00,6.77332,6.774,6.77332,6.77332,0,0.00%
Jun 02 2017 20:00,6.77419,6.77419,6.77319,6.77329,-9,-0.01%
Jun 02 2017 19:00,6.77488,6.77507,6.77357,6.77417,-7.1,-0.01%
Jun 02 2017 18:00,6.77492,6.77501,6.77462,6.77491,-0.1,0.00%
Jun 02 2017 17:00,6.77575,6.77608,6.77482,6.77489,-8.6,-0.01%
Jun 02 2017 16:00,6.77698,6.77801,6.77579,6.77579,-11.9,-0.02%
Jun 02 2017 15:00,6.77646,6.77697,6.77448,6.77697,5.1,0.01%
Jun 02 2017 14:00,6.7767,6.77887,6.77608,6.77649,-2.1,0.00%
Jun 02 2017 13:00,6.7784,6.78084,6.77564,6.7767,-17,-0.03%
Jun 02 2017 12:00,6.7852,6.78882,6.77568,6.7784,-68,-0.10%
Jun 02 2017 11:00,6.79143,6.79261,6.78427,6.78522,-62.1,-0.09%
Jun 02 2017 10:00,6.79159,6.7925,6.78949,6.79142,-1.7,0.00%
Jun 02 2017 09:00,6.79076,6.79348,6.79076,6.79158,8.2,0.01%
Jun 02 2017 08:00,6.7917,6.7927,6.78803,6.79078,-9.2,-0.01%
Jun 02 2017 07:00,6.78787,6.793,6.78334,6.79171,38.4,0.06%
Jun 02 2017 06:00,6.78818,6.79374,6.78381,6.78792,-2.6,0.00%
Jun 02 2017 05:00,6.78696,6.78794,6.77991,6.7879,9.4,0.01%
Jun 02 2017 04:00,6.79038,6.79067,6.78585,6.78709,-32.9,-0.05%
Jun 02 2017 03:00,6.78811,6.79342,6.78468,6.79041,23,0.03%
Jun 02 2017 02:00,6.76636,6.79009,6.76611,6.78808,217.2,0.32%
Jun 02 2017 01:00,6.7614,6.77333,6.7593,6.76639,49.9,0.07%
Jun 02 2017 00:00,6.75854,6.7686,6.75714,6.76137,28.3,0.04%
Jun 01 2017 23:00,6.75344,6.75858,6.75315,6.75857,51.3,0.08%
Jun 01 2017 22:00,6.75056,6.75333,6.74996,6.75332,27.6,0.04%
Jun 01 2017 21:00,6.74871,6.75074,6.74656,6.75064,19.3,0.03%
Jun 01 2017 20:00,6.75119,6.75119,6.74706,6.74706,-41.3,-0.06%
Jun 01 2017 19:00,6.75291,6.75321,6.75114,6.75114,-17.7,-0.03%
Jun 01 2017 18:00,6.75469,6.7549,6.75281,6.75281,-18.8,-0.03%
Jun 01 2017 17:00,6.75481,6.75526,6.75423,6.7547,-1.1,0.00%
Jun 01 2017 16:00,6.75422,6.75518,6.7502,6.75492,7,0.01%
Jun 01 2017 15:00,6.75021,6.75549,6.74809,6.75428,40.7,0.06%
Jun 01 2017 14:00,6.75247,6.75264,6.74783,6.75021,-22.6,-0.03%
Jun 01 2017 13:00,6.75306,6.76122,6.75229,6.75255,-5.1,-0.01%
Jun 01 2017 12:00,6.75879,6.75979,6.74602,6.75303,-57.6,-0.09%
Jun 01 2017 11:00,6.7597,6.7645,6.75663,6.7588,-9,-0.01%
Jun 01 2017 10:00,6.75972,6.76138,6.75586,6.7597,-0.2,0.00%
Jun 01 2017 09:00,6.75736,6.76347,6.75735,6.75966,23,0.03%
Jun 01 2017 08:00,6.75826,6.76238,6.75489,6.75737,-8.9,-0.01%
Jun 01 2017 07:00,6.75307,6.76167,6.74982,6.75826,51.9,0.08%
Jun 01 2017 06:00,6.74198,6.75409,6.7359,6.75313,111.5,0.17%
Jun 01 2017 05:00,6.73197,6.74211,6.73144,6.74196,99.9,0.15%
Jun 01 2017 04:00,6.73052,6.7342,6.72899,6.73203,15.1,0.02%
Jun 01 2017 03:00,6.73113,6.73612,6.72839,6.73078,-3.5,-0.01%
Jun 01 2017 02:00,6.73878,6.73894,6.72242,6.73117,-76.1,-0.11%
Jun 01 2017 01:00,6.77026,6.77302,6.73137,6.73884,-314.2,-0.47%
Jun 01 2017 00:00,6.76763,6.7712,6.75944,6.77031,26.8,0.04%
May 31 2017 23:00,6.7584,6.7675,6.7584,6.7675,91,0.13%
May 31 2017 22:00,6.75608,6.75901,6.75533,6.7584,23.2,0.03%
May 31 2017 21:00,6.74412,6.75842,6.73381,6.75668,125.6,0.19%
May 31 2017 20:00,6.75006,6.7501,6.74089,6.74413,-59.3,-0.09%
May 31 2017 19:00,6.75161,6.75247,6.74899,6.75002,-15.9,-0.02%
May 31 2017 18:00,6.7459,6.75281,6.74588,6.75163,57.3,0.08%
May 31 2017 17:00,6.74754,6.74782,6.74216,6.74591,-16.3,-0.02%
May 31 2017 16:00,6.75449,6.7547,6.74721,6.74754,-69.5,-0.10%
May 31 2017 15:00,6.75731,6.75941,6.75429,6.75457,-27.4,-0.04%
May 31 2017 14:00,6.75629,6.76381,6.75574,6.75731,10.2,0.02%
May 31 2017 13:00,6.75232,6.76037,6.74936,6.75625,39.3,0.06%
May 31 2017 12:00,6.76303,6.76306,6.75214,6.75237,-106.6,-0.16%
May 31 2017 11:00,6.76452,6.76677,6.76288,6.76312,-14,-0.02%
May 31 2017 10:00,6.76851,6.76851,6.75911,6.76454,-39.7,-0.06%
May 31 2017 09:00,6.77728,6.77798,6.76467,6.76843,-88.5,-0.13%
May 31 2017 08:00,6.77916,6.78373,6.7738,6.77737,-17.9,-0.03%
May 31 2017 07:00,6.77062,6.78037,6.76707,6.77917,85.5,0.13%
May 31 2017 06:00,6.79491,6.79491,6.76892,6.77064,-242.7,-0.36%
May 31 2017 05:00,6.80247,6.80287,6.79267,6.79488,-75.9,-0.11%
May 31 2017 04:00,6.80308,6.80617,6.80119,6.80237,-7.1,-0.01%
May 31 2017 03:00,6.80755,6.8133,6.80315,6.80315,-44,-0.06%
May 31 2017 02:00,6.82929,6.83321,6.80684,6.80761,-216.8,-0.32%
May 31 2017 01:00,6.82902,6.83667,6.82841,6.82927,2.5,0.00%
May 31 2017 00:00,6.82577,6.83163,6.82561,6.82902,32.5,0.05%
May 30 2017 23:00,6.82433,6.826,6.82433,6.82573,14,0.02%
May 30 2017 22:00,6.82319,6.82438,6.82312,6.82432,11.3,0.02%
May 30 2017 21:00,6.82154,6.82316,6.82154,6.82307,15.3,0.02%
May 30 2017 20:00,6.82341,6.82364,6.82161,6.82161,-18,-0.03%
May 30 2017 19:00,6.82423,6.82423,6.82331,6.8234,-8.3,-0.01%
May 30 2017 18:00,6.82415,6.82428,6.82382,6.82418,0.3,0.00%
May 30 2017 17:00,6.82475,6.82748,6.82394,6.82416,-5.9,-0.01%
May 30 2017 16:00,6.82538,6.82608,6.82347,6.82471,-6.7,-0.01%
May 30 2017 15:00,6.8258,6.82618,6.82473,6.82535,-4.5,-0.01%
May 30 2017 14:00,6.82673,6.82853,6.82564,6.82585,-8.8,-0.01%
May 30 2017 13:00,6.8277,6.82879,6.82539,6.82677,-9.3,-0.01%
May 30 2017 12:00,6.82682,6.82928,6.82627,6.8276,7.8,0.01%
May 30 2017 11:00,6.82663,6.82842,6.82425,6.8268,1.7,0.00%
May 30 2017 10:00,6.82651,6.82777,6.82618,6.82664,1.3,0.00%
May 30 2017 09:00,6.82815,6.82935,6.82611,6.8265,-16.5,-0.02%
May 30 2017 08:00,6.82874,6.82918,6.82725,6.82813,-6.1,-0.01%
May 30 2017 07:00,6.83201,6.83332,6.82876,6.82885,-31.6,-0.05%
May 30 2017 06:00,6.83067,6.83228,6.82878,6.83197,13,0.02%
May 30 2017 05:00,6.82791,6.83082,6.82746,6.8307,27.9,0.04%
May 30 2017 04:00,6.82891,6.82951,6.82684,6.82792,-9.9,-0.01%
May 30 2017 03:00,6.82769,6.82959,6.82769,6.82889,12,0.02%
May 30 2017 02:00,6.83158,6.83158,6.82684,6.82768,-39,-0.06%
May 30 2017 01:00,6.82473,6.83158,6.8243,6.83158,68.5,0.10%
May 30 2017 00:00,6.82689,6.82703,6.82136,6.82477,-21.2,-0.03%
May 29 2017 23:00,6.82205,6.82704,6.82205,6.82679,47.4,0.07%
May 29 2017 22:00,6.81806,6.82224,6.81775,6.82203,39.7,0.06%
May 29 2017 21:00,6.81662,6.8183,6.81661,6.8181,14.8,0.02%
May 29 2017 20:00,6.82117,6.82117,6.81665,6.81665,-45.2,-0.07%
May 29 2017 19:00,6.82148,6.82148,6.82107,6.82113,-3.5,-0.01%
May 29 2017 18:00,6.82152,6.82152,6.82152,6.82152,0,0.00%
May 29 2017 17:00,6.8211,6.82159,6.81932,6.82149,3.9,0.01%
May 29 2017 16:00,6.82078,6.82168,6.82071,6.82108,3,0.00%
May 29 2017 15:00,6.8263,6.82689,6.81913,6.82079,-55.1,-0.08%
May 29 2017 14:00,6.82456,6.82654,6.8213,6.82631,17.5,0.03%
May 29 2017 13:00,6.82497,6.82557,6.82361,6.82453,-4.4,-0.01%
May 29 2017 12:00,6.8211,6.8263,6.82075,6.82505,39.5,0.06%
May 29 2017 11:00,6.81722,6.82182,6.81462,6.82102,38,0.06%
May 29 2017 10:00,6.81845,6.81997,6.81707,6.81717,-12.8,-0.02%
May 29 2017 09:00,6.81778,6.82028,6.81768,6.81848,7,0.01%
May 29 2017 08:00,6.8216,6.8243,6.81765,6.8178,-38,-0.06%
May 29 2017 07:00,6.82277,6.82767,6.81996,6.82157,-12,-0.02%
May 29 2017 06:00,6.81557,6.82352,6.81044,6.82281,72.4,0.11%
May 29 2017 05:00,6.81831,6.81831,6.81448,6.81557,-27.4,-0.04%
May 29 2017 04:00,6.81541,6.81923,6.81458,6.81835,29.4,0.04%
May 29 2017 03:00,6.80677,6.81757,6.80675,6.81536,85.9,0.13%
May 29 2017 02:00,6.81151,6.81429,6.80267,6.80682,-46.9,-0.07%
May 29 2017 01:00,6.8223,6.8246,6.81059,6.81146,-108.4,-0.16%
May 29 2017 00:00,6.82078,6.82501,6.81967,6.82229,15.1,0.02%
May 28 2017 23:00,6.82192,6.82318,6.82006,6.82064,-12.8,-0.02%
May 28 2017 22:00,6.81522,6.82223,6.81443,6.82154,63.2,0.09%
May 28 2017 21:00,6.81422,6.81518,6.81421,6.81518,9.6,0.01%
May 26 2017 20:00,6.81918,6.82213,6.81818,6.81818,-10,-0.01%
May 26 2017 19:00,6.81869,6.8201,6.81818,6.81913,4.4,0.01%
May 26 2017 18:00,6.81908,6.81938,6.81818,6.8187,-3.8,-0.01%
May 26 2017 17:00,6.81951,6.82273,6.81875,6.81912,-3.9,-0.01%
May 26 2017 16:00,6.82114,6.82436,6.81726,6.81958,-15.6,-0.02%
May 26 2017 15:00,6.81585,6.82305,6.81585,6.82113,52.8,0.08%
May 26 2017 14:00,6.82063,6.82088,6.81567,6.81581,-48.2,-0.07%
May 26 2017 13:00,6.82331,6.82371,6.81867,6.82068,-26.3,-0.04%
May 26 2017 12:00,6.82343,6.82442,6.81783,6.82326,-1.7,0.00%
May 26 2017 11:00,6.8156,6.82544,6.81478,6.82345,78.5,0.12%
May 26 2017 10:00,6.8284,6.8287,6.8145,6.81553,-128.7,-0.19%
May 26 2017 09:00,6.83414,6.83655,6.82831,6.82841,-57.3,-0.08%
May 26 2017 08:00,6.83744,6.83904,6.83258,6.83413,-33.1,-0.05%
May 26 2017 07:00,6.84241,6.8437,6.83674,6.8375,-49.1,-0.07%
May 26 2017 06:00,6.84213,6.84627,6.84103,6.84234,2.1,0.00%
May 26 2017 05:00,6.84422,6.84439,6.84142,6.84212,-21,-0.03%
May 26 2017 04:00,6.84182,6.84616,6.8404,6.84424,24.2,0.04%
May 26 2017 03:00,6.84047,6.84225,6.83655,6.84176,12.9,0.02%
May 26 2017 02:00,6.84208,6.84607,6.83997,6.84046,-16.2,-0.02%
May 26 2017 01:00,6.84348,6.84779,6.835,6.84209,-13.9,-0.02%
May 26 2017 00:00,6.85295,6.85349,6.84049,6.84351,-94.4,-0.14%
May 25 2017 23:00,6.84714,6.85311,6.84714,6.85291,57.7,0.08%
May 25 2017 22:00,6.84791,6.84822,6.84791,6.84818,2.7,0.00%
May 25 2017 21:00,6.84706,6.85071,6.84705,6.84788,8.2,0.01%
May 25 2017 20:00,6.84661,6.85068,6.84395,6.84702,4.1,0.01%
May 25 2017 19:00,6.8463,6.84765,6.84604,6.84661,3.1,0.00%
May 25 2017 18:00,6.84554,6.84717,6.84523,6.84619,6.5,0.01%
May 25 2017 17:00,6.84516,6.84643,6.84461,6.84562,4.6,0.01%
May 25 2017 16:00,6.8472,6.84746,6.84504,6.84514,-20.6,-0.03%
May 25 2017 15:00,6.8495,6.84998,6.84611,6.84721,-22.9,-0.03%
May 25 2017 14:00,6.84673,6.84984,6.84666,6.84947,27.4,0.04%
May 25 2017 13:00,6.85039,6.85156,6.84666,6.84677,-36.2,-0.05%
May 25 2017 12:00,6.8498,6.85199,6.84712,6.85041,6.1,0.01%
May 25 2017 11:00,6.85282,6.85496,6.84967,6.84981,-30.1,-0.04%
May 25 2017 10:00,6.85258,6.85598,6.85081,6.85278,2,0.00%
May 25 2017 09:00,6.86057,6.86108,6.85215,6.85257,-80,-0.12%
May 25 2017 08:00,6.85952,6.86167,6.85934,6.86056,10.4,0.02%
May 25 2017 07:00,6.85826,6.86198,6.85695,6.85956,13,0.02%
May 25 2017 06:00,6.85681,6.85951,6.85541,6.85827,14.6,0.02%
May 25 2017 05:00,6.86183,6.86251,6.85638,6.85671,-51.2,-0.07%
May 25 2017 04:00,6.8645,6.8657,6.86185,6.86185,-26.5,-0.04%
May 25 2017 03:00,6.86315,6.86662,6.86265,6.86442,12.7,0.02%
May 25 2017 02:00,6.87448,6.87474,6.86315,6.86315,-113.3,-0.17%
May 25 2017 01:00,6.87552,6.8766,6.87341,6.87441,-11.1,-0.02%
May 25 2017 00:00,6.87568,6.87905,6.87489,6.8755,-1.8,0.00%
May 24 2017 23:00,6.87491,6.87659,6.87328,6.87562,7.1,0.01%
May 24 2017 22:00,6.87497,6.87502,6.87461,6.87467,-3,0.00%
May 24 2017 21:00,6.87267,6.87676,6.87267,6.87495,22.8,0.03%
May 24 2017 20:00,6.87463,6.87471,6.87176,6.87195,-26.8,-0.04%
May 24 2017 19:00,6.8756,6.87698,6.87468,6.87471,-8.9,-0.01%
May 24 2017 18:00,6.87747,6.8776,6.87529,6.87563,-18.4,-0.03%
May 24 2017 17:00,6.87792,6.87848,6.87724,6.87743,-4.9,-0.01%
May 24 2017 16:00,6.87803,6.87882,6.87751,6.87797,-0.6,0.00%
May 24 2017 15:00,6.87802,6.87917,6.8772,6.87801,-0.1,0.00%
May 24 2017 14:00,6.87759,6.87813,6.87704,6.87802,4.3,0.01%
May 24 2017 13:00,6.87746,6.87835,6.8765,6.87758,1.2,0.00%
May 24 2017 12:00,6.87847,6.87887,6.87695,6.87746,-10.1,-0.01%
May 24 2017 11:00,6.87928,6.87994,6.87742,6.8785,-7.8,-0.01%
May 24 2017 10:00,6.87874,6.87931,6.87737,6.87908,3.4,0.00%
May 24 2017 09:00,6.87872,6.87892,6.87797,6.87872,0,0.00%
May 24 2017 08:00,6.88002,6.88032,6.8781,6.87869,-13.3,-0.02%
May 24 2017 07:00,6.87963,6.88059,6.87859,6.87999,3.6,0.01%
May 24 2017 06:00,6.88255,6.88341,6.87832,6.87964,-29.1,-0.04%
May 24 2017 05:00,6.88212,6.88351,6.88135,6.88258,4.6,0.01%
May 24 2017 04:00,6.88312,6.88351,6.88199,6.88216,-9.6,-0.01%
May 24 2017 03:00,6.88492,6.88512,6.882,6.88313,-17.9,-0.03%
May 24 2017 02:00,6.88399,6.88501,6.88286,6.88491,9.2,0.01%
May 24 2017 01:00,6.8845,6.8851,6.8818,6.884,-5,-0.01%
May 24 2017 00:00,6.88205,6.88923,6.88082,6.8845,24.5,0.04%
May 23 2017 23:00,6.88095,6.88228,6.88075,6.88209,11.4,0.02%
May 23 2017 22:00,6.88089,6.88156,6.88078,6.88086,-0.3,0.00%
May 23 2017 21:00,6.87793,6.88087,6.87793,6.88085,29.2,0.04%
May 23 2017 20:00,6.87858,6.8792,6.87781,6.87806,-5.2,-0.01%
May 23 2017 19:00,6.87933,6.87933,6.87796,6.87857,-7.6,-0.01%
May 23 2017 18:00,6.87945,6.87967,6.8781,6.8794,-0.5,0.00%
May 23 2017 17:00,6.88031,6.88042,6.87886,6.87952,-7.9,-0.01%
May 23 2017 16:00,6.87998,6.8813,6.87938,6.88028,3,0.00%
May 23 2017 15:00,6.87838,6.88027,6.87597,6.87997,15.9,0.02%
May 23 2017 14:00,6.87871,6.87908,6.87758,6.87838,-3.3,0.00%
May 23 2017 13:00,6.87888,6.87935,6.87751,6.87871,-1.7,0.00%
May 23 2017 12:00,6.8799,6.8807,6.87877,6.87892,-9.8,-0.01%
May 23 2017 11:00,6.87907,6.88066,6.87877,6.87996,8.9,0.01%
May 23 2017 10:00,6.87848,6.87989,6.87822,6.87894,4.6,0.01%
May 23 2017 09:00,6.87929,6.88001,6.87851,6.87856,-7.3,-0.01%
May 23 2017 08:00,6.87965,6.88132,6.87888,6.87928,-3.7,-0.01%
May 23 2017 07:00,6.88106,6.88147,6.87841,6.87965,-14.1,-0.02%
May 23 2017 06:00,6.87974,6.88188,6.87932,6.88101,12.7,0.02%
May 23 2017 05:00,6.87861,6.8798,6.87794,6.87977,11.6,0.02%
May 23 2017 04:00,6.87957,6.87957,6.8775,6.87857,-10,-0.01%
May 23 2017 03:00,6.8782,6.88042,6.87755,6.87958,13.8,0.02%
May 23 2017 02:00,6.87724,6.87836,6.87651,6.87821,9.7,0.01%
May 23 2017 01:00,6.87764,6.87765,6.8749,6.87722,-4.2,-0.01%
May 23 2017 00:00,6.87562,6.87816,6.87562,6.87766,20.4,0.03%
May 22 2017 23:00,6.87645,6.87647,6.87531,6.87558,-8.7,-0.01%
May 22 2017 22:00,6.87631,6.87686,6.87622,6.87646,1.5,0.00%
May 22 2017 21:00,6.87662,6.87844,6.87602,6.87619,-4.3,-0.01%
May 22 2017 20:00,6.87859,6.87914,6.87577,6.87606,-25.3,-0.04%
May 22 2017 19:00,6.87874,6.87907,6.87763,6.87867,-0.7,0.00%
May 22 2017 18:00,6.87525,6.87909,6.87524,6.87876,35.1,0.05%
May 22 2017 17:00,6.87563,6.87563,6.87518,6.87528,-3.5,-0.01%
May 22 2017 16:00,6.87539,6.87651,6.87535,6.87567,2.8,0.00%
May 22 2017 15:00,6.87683,6.87699,6.87527,6.87534,-14.9,-0.02%
May 22 2017 14:00,6.8761,6.87815,6.87538,6.87684,7.4,0.01%
May 22 2017 13:00,6.8776,6.87815,6.87585,6.8761,-15,-0.02%
May 22 2017 12:00,6.87695,6.87986,6.87637,6.87761,6.6,0.01%
May 22 2017 11:00,6.87879,6.87879,6.87677,6.87699,-18,-0.03%
May 22 2017 10:00,6.8803,6.8803,6.8776,6.8789,-14,-0.02%
May 22 2017 09:00,6.88138,6.8833,6.87968,6.88027,-11.1,-0.02%
May 22 2017 08:00,6.87978,6.88197,6.87838,6.88138,16,0.02%
May 22 2017 07:00,6.8796,6.88006,6.8779,6.87981,2.1,0.00%
May 22 2017 06:00,6.87866,6.88044,6.8776,6.87958,9.2,0.01%
May 22 2017 05:00,6.87748,6.87901,6.87747,6.87868,12,0.02%
May 22 2017 04:00,6.87823,6.87826,6.87741,6.87747,-7.6,-0.01%
May 22 2017 03:00,6.87736,6.87889,6.87728,6.87824,8.8,0.01%
May 22 2017 02:00,6.87876,6.88055,6.87622,6.87748,-12.8,-0.02%
May 22 2017 01:00,6.87477,6.87891,6.87398,6.87879,40.2,0.06%
May 22 2017 00:00,6.87545,6.87714,6.87328,6.87474,-7.1,-0.01%
May 21 2017 23:00,6.87365,6.87641,6.87365,6.87546,18.1,0.03%
May 21 2017 22:00,6.87156,6.87346,6.87142,6.87334,17.8,0.03%
May 21 2017 21:00,6.87114,6.87192,6.8688,6.87154,4,0.01%
May 19 2017 20:00,6.87248,6.87308,6.87049,6.87049,-19.9,-0.03%
May 19 2017 19:00,6.87291,6.87311,6.87227,6.87251,-4,-0.01%
May 19 2017 18:00,6.87281,6.87329,6.87281,6.8729,0.9,0.00%
May 19 2017 17:00,6.87423,6.87542,6.87272,6.87283,-14,-0.02%
May 19 2017 16:00,6.87528,6.87649,6.87421,6.87429,-9.9,-0.01%
May 19 2017 15:00,6.87541,6.87599,6.87499,6.87529,-1.2,0.00%
May 19 2017 14:00,6.87614,6.87708,6.87448,6.87548,-6.6,-0.01%
May 19 2017 13:00,6.88114,6.88114,6.87452,6.87622,-49.2,-0.07%
May 19 2017 12:00,6.88289,6.88345,6.88064,6.88112,-17.7,-0.03%
May 19 2017 11:00,6.88267,6.88394,6.88208,6.8829,2.3,0.00%
May 19 2017 10:00,6.88155,6.88376,6.88155,6.88263,10.8,0.02%
May 19 2017 09:00,6.88365,6.88407,6.88102,6.88152,-21.3,-0.03%
May 19 2017 08:00,6.88614,6.88669,6.8787,6.88372,-24.2,-0.04%
May 19 2017 07:00,6.88792,6.88801,6.88573,6.88613,-17.9,-0.03%
May 19 2017 06:00,6.88683,6.88909,6.88586,6.88792,10.9,0.02%
May 19 2017 05:00,6.88624,6.88722,6.88622,6.88684,6,0.01%
May 19 2017 04:00,6.88649,6.88742,6.88609,6.88621,-2.8,0.00%
May 19 2017 03:00,6.88633,6.8876,6.88602,6.88651,1.8,0.00%
May 19 2017 02:00,6.88813,6.88845,6.8859,6.88636,-17.7,-0.03%
May 19 2017 01:00,6.88664,6.88929,6.88479,6.88814,15,0.02%
May 19 2017 00:00,6.88662,6.88878,6.88548,6.88662,0,0.00%
May 18 2017 23:00,6.88531,6.88666,6.88443,6.88659,12.8,0.02%
May 18 2017 22:00,6.8848,6.88546,6.88479,6.88532,5.2,0.01%
May 18 2017 21:00,6.88189,6.88516,6.88049,6.88495,30.6,0.04%
May 18 2017 20:00,6.88325,6.88338,6.88094,6.88094,-23.1,-0.03%
May 18 2017 19:00,6.88375,6.8849,6.88287,6.8832,-5.5,-0.01%
May 18 2017 18:00,6.88564,6.88592,6.88339,6.88378,-18.6,-0.03%
May 18 2017 17:00,6.88404,6.88574,6.88353,6.88566,16.2,0.02%
May 18 2017 16:00,6.88522,6.88522,6.88365,6.88406,-11.6,-0.02%
May 18 2017 15:00,6.88297,6.88544,6.8829,6.88524,22.7,0.03%
May 18 2017 14:00,6.88469,6.88692,6.88266,6.88298,-17.1,-0.02%
May 18 2017 13:00,6.88606,6.8883,6.88384,6.88462,-14.4,-0.02%
May 18 2017 12:00,6.88363,6.88748,6.88318,6.88597,23.4,0.03%
May 18 2017 11:00,6.88474,6.88491,6.88276,6.88366,-10.8,-0.02%
May 18 2017 10:00,6.8867,6.8868,6.8824,6.88471,-19.9,-0.03%
May 18 2017 09:00,6.88287,6.88677,6.88215,6.8866,37.3,0.05%
May 18 2017 08:00,6.8816,6.8833,6.8813,6.88296,13.6,0.02%
May 18 2017 07:00,6.88297,6.88337,6.88036,6.88157,-14,-0.02%
May 18 2017 06:00,6.88173,6.88392,6.8814,6.88291,11.8,0.02%
May 18 2017 05:00,6.87864,6.88184,6.8785,6.88172,30.8,0.04%
May 18 2017 04:00,6.87731,6.87907,6.87696,6.87857,12.6,0.02%
May 18 2017 03:00,6.87841,6.87841,6.87672,6.87734,-10.7,-0.02%
May 18 2017 02:00,6.87871,6.87901,6.87711,6.87841,-3,0.00%
May 18 2017 01:00,6.87384,6.8789,6.8732,6.8787,48.6,0.07%
May 18 2017 00:00,6.87522,6.87537,6.87222,6.87384,-13.8,-0.02%
May 17 2017 23:00,6.87243,6.8751,6.87243,6.87506,26.3,0.04%
May 17 2017 22:00,6.87076,6.87252,6.87071,6.87241,16.5,0.02%
May 17 2017 21:00,6.86992,6.87101,6.86954,6.87089,9.7,0.01%
May 17 2017 20:00,6.87112,6.87136,6.86896,6.86896,-21.6,-0.03%
May 17 2017 19:00,6.87401,6.87403,6.87085,6.87132,-26.9,-0.04%
May 17 2017 18:00,6.87384,6.87428,6.87318,6.874,1.6,0.00%
May 17 2017 17:00,6.87401,6.87447,6.87299,6.87385,-1.6,0.00%
May 17 2017 16:00,6.87403,6.87421,6.87337,6.87401,-0.2,0.00%
May 17 2017 15:00,6.87204,6.87449,6.87118,6.87405,20.1,0.03%
May 17 2017 14:00,6.87359,6.87535,6.87202,6.87203,-15.6,-0.02%
May 17 2017 13:00,6.8768,6.87736,6.87352,6.8736,-32,-0.05%
May 17 2017 12:00,6.87698,6.87806,6.8764,6.87677,-2.1,0.00%
May 17 2017 11:00,6.87751,6.87807,6.87687,6.87703,-4.8,-0.01%
May 17 2017 10:00,6.87882,6.87911,6.87701,6.87761,-12.1,-0.02%
May 17 2017 09:00,6.88239,6.88266,6.87881,6.87882,-35.7,-0.05%
May 17 2017 08:00,6.8806,6.88327,6.88,6.88237,17.7,0.03%
May 17 2017 07:00,6.87808,6.88145,6.87724,6.88071,26.3,0.04%
May 17 2017 06:00,6.87777,6.87851,6.87661,6.87808,3.1,0.00%
May 17 2017 05:00,6.87769,6.87919,6.8762,6.87774,0.5,0.00%
May 17 2017 04:00,6.8768,6.8782,6.8763,6.87766,8.6,0.01%
May 17 2017 03:00,6.87519,6.87753,6.87479,6.87673,15.4,0.02%
May 17 2017 02:00,6.87427,6.87659,6.87348,6.87515,8.8,0.01%
May 17 2017 01:00,6.87717,6.87809,6.87132,6.87423,-29.4,-0.04%
May 17 2017 00:00,6.87571,6.87766,6.87402,6.87711,14,0.02%
May 16 2017 23:00,6.87414,6.87592,6.87341,6.87555,14.1,0.02%
May 16 2017 22:00,6.87351,6.8746,6.87333,6.8742,6.9,0.01%
May 16 2017 21:00,6.87367,6.87424,6.87203,6.87351,-1.6,0.00%
May 16 2017 20:00,6.87396,6.8752,6.87276,6.87367,-2.9,0.00%
May 16 2017 19:00,6.87711,6.87731,6.87396,6.87396,-31.5,-0.05%
May 16 2017 18:00,6.87941,6.87948,6.87685,6.87708,-23.3,-0.03%
May 16 2017 17:00,6.8795,6.87999,6.87938,6.87944,-0.6,0.00%
May 16 2017 16:00,6.88188,6.88191,6.87929,6.87951,-23.7,-0.03%
May 16 2017 15:00,6.87995,6.88229,6.87947,6.88185,19,0.03%
May 16 2017 14:00,6.88282,6.88284,6.87971,6.87999,-28.3,-0.04%
May 16 2017 13:00,6.88261,6.88356,6.88205,6.88287,2.6,0.00%
May 16 2017 12:00,6.88447,6.88458,6.88187,6.88256,-19.1,-0.03%
May 16 2017 11:00,6.88482,6.8859,6.88408,6.88442,-4,-0.01%
May 16 2017 10:00,6.88565,6.88701,6.88456,6.8849,-7.5,-0.01%
May 16 2017 09:00,6.88556,6.88845,6.88523,6.88567,1.1,0.00%
May 16 2017 08:00,6.88605,6.8864,6.88379,6.88554,-5.1,-0.01%
May 16 2017 07:00,6.88576,6.88674,6.88512,6.88602,2.6,0.00%
May 16 2017 06:00,6.88741,6.88748,6.88504,6.88577,-16.4,-0.02%
May 16 2017 05:00,6.88684,6.8875,6.88567,6.88743,5.9,0.01%
May 16 2017 04:00,6.88649,6.8871,6.88599,6.88679,3,0.00%
May 16 2017 03:00,6.8871,6.88729,6.88557,6.88651,-5.9,-0.01%
May 16 2017 02:00,6.88731,6.88802,6.88408,6.88711,-2,0.00%
May 16 2017 01:00,6.88921,6.89032,6.8849,6.88719,-20.2,-0.03%
May 16 2017 00:00,6.88948,6.89068,6.88802,6.88918,-3,0.00%
May 15 2017 23:00,6.8893,6.88955,6.88926,6.88943,1.3,0.00%
May 15 2017 22:00,6.88913,6.88926,6.88903,6.88923,1,0.00%
May 15 2017 21:00,6.88941,6.89034,6.88888,6.88914,-2.7,0.00%
May 15 2017 20:00,6.89027,6.89147,6.889,6.889,-12.7,-0.02%
May 15 2017 19:00,6.89285,6.89309,6.89013,6.89013,-27.2,-0.04%
May 15 2017 18:00,6.89248,6.89299,6.89244,6.89285,3.7,0.01%
May 15 2017 17:00,6.89187,6.89272,6.89181,6.89252,6.5,0.01%
May 15 2017 16:00,6.89201,6.89251,6.89097,6.89188,-1.3,0.00%
May 15 2017 15:00,6.89059,6.89307,6.88971,6.892,14.1,0.02%
May 15 2017 14:00,6.88812,6.89097,6.88699,6.89059,24.7,0.04%
May 15 2017 13:00,6.88738,6.89051,6.88719,6.88813,7.5,0.01%
May 15 2017 12:00,6.89045,6.89051,6.88569,6.8874,-30.5,-0.04%
May 15 2017 11:00,6.89132,6.89157,6.88992,6.89052,-8,-0.01%
May 15 2017 10:00,6.89207,6.89237,6.89023,6.89128,-7.9,-0.01%
May 15 2017 09:00,6.89406,6.89414,6.8916,6.89208,-19.8,-0.03%
May 15 2017 08:00,6.89611,6.8965,6.89404,6.89404,-20.7,-0.03%
May 15 2017 07:00,6.89708,6.89736,6.89457,6.89611,-9.7,-0.01%
May 15 2017 06:00,6.89935,6.9004,6.8966,6.8971,-22.5,-0.03%
May 15 2017 05:00,6.90067,6.90087,6.89905,6.89932,-13.5,-0.02%
May 15 2017 04:00,6.90129,6.90129,6.90043,6.90071,-5.8,-0.01%
May 15 2017 03:00,6.89954,6.90126,6.89929,6.90119,16.5,0.02%
May 15 2017 02:00,6.89803,6.89961,6.898,6.89954,15.1,0.02%
May 15 2017 01:00,6.89802,6.89882,6.89734,6.89822,2,0.00%
May 15 2017 00:00,6.89864,6.89995,6.89737,6.89807,-5.7,-0.01%
May 14 2017 23:00,6.89687,6.89956,6.89687,6.8987,18.3,0.03%
May 14 2017 22:00,6.89719,6.89719,6.89676,6.89693,-2.6,0.00%
May 14 2017 21:00,6.89619,6.8972,6.89618,6.8972,10.1,0.01%
May 12 2017 20:00,6.89674,6.89697,6.89632,6.89652,-2.2,0.00%
May 12 2017 19:00,6.89742,6.89742,6.89642,6.8967,-7.2,-0.01%
May 12 2017 18:00,6.89734,6.89786,6.89707,6.89743,0.9,0.00%
May 12 2017 17:00,6.8982,6.89828,6.89705,6.89738,-8.2,-0.01%
May 12 2017 16:00,6.89834,6.89919,6.89769,6.89822,-1.2,0.00%
May 12 2017 15:00,6.89814,6.89935,6.89782,6.89842,2.8,0.00%
May 12 2017 14:00,6.89943,6.90075,6.89805,6.8981,-13.3,-0.02%
May 12 2017 13:00,6.89839,6.89986,6.89759,6.8992,8.1,0.01%
May 12 2017 12:00,6.90406,6.90469,6.89764,6.89837,-56.9,-0.08%
May 12 2017 11:00,6.90291,6.90466,6.90251,6.90408,11.7,0.02%
May 12 2017 10:00,6.90316,6.90428,6.90271,6.90299,-1.7,0.00%
May 12 2017 09:00,6.90369,6.90369,6.90269,6.90316,-5.3,-0.01%
May 12 2017 08:00,6.90399,6.90422,6.9023,6.90362,-3.7,-0.01%
May 12 2017 07:00,6.90381,6.9059,6.90366,6.90399,1.8,0.00%
May 12 2017 06:00,6.90098,6.90389,6.90087,6.9038,28.2,0.04%
May 12 2017 05:00,6.901,6.90171,6.89994,6.901,0,0.00%
May 12 2017 04:00,6.90104,6.90148,6.90059,6.90098,-0.6,0.00%
May 12 2017 03:00,6.90128,6.90207,6.90088,6.90107,-2.1,0.00%
May 12 2017 02:00,6.901,6.90235,6.90076,6.90139,3.9,0.01%
May 12 2017 01:00,6.90323,6.90361,6.90029,6.901,-22.3,-0.03%
May 12 2017 00:00,6.90532,6.9056,6.90167,6.90325,-20.7,-0.03%
May 11 2017 23:00,6.90529,6.90542,6.90523,6.90524,-0.5,0.00%
May 11 2017 22:00,6.90524,6.90576,6.90505,6.90535,1.1,0.00%
May 11 2017 21:00,6.90145,6.90555,6.90116,6.90515,37,0.05%
May 11 2017 20:00,6.90219,6.90402,6.90136,6.90136,-8.3,-0.01%
May 11 2017 19:00,6.90315,6.90332,6.90222,6.90222,-9.3,-0.01%
May 11 2017 18:00,6.90292,6.90342,6.90291,6.90322,3,0.00%
May 11 2017 17:00,6.904,6.90433,6.90287,6.90289,-11.1,-0.02%
May 11 2017 16:00,6.90511,6.90557,6.90395,6.90402,-10.9,-0.02%
May 11 2017 15:00,6.90511,6.90565,6.9045,6.90509,-0.2,0.00%
May 11 2017 14:00,6.90587,6.90618,6.90429,6.90511,-7.6,-0.01%
May 11 2017 13:00,6.90637,6.907,6.90508,6.90586,-5.1,-0.01%
May 11 2017 12:00,6.90534,6.90752,6.90463,6.90622,8.8,0.01%
May 11 2017 11:00,6.90397,6.90558,6.90333,6.90537,14,0.02%
May 11 2017 10:00,6.90504,6.90592,6.90332,6.90402,-10.2,-0.01%
May 11 2017 09:00,6.90406,6.90607,6.90331,6.90505,9.9,0.01%
May 11 2017 08:00,6.90674,6.90775,6.90387,6.90402,-27.2,-0.04%
May 11 2017 07:00,6.90936,6.91012,6.90544,6.90671,-26.5,-0.04%
May 11 2017 06:00,6.90962,6.91009,6.90778,6.90946,-1.6,0.00%
May 11 2017 05:00,6.9096,6.91048,6.9093,6.90959,-0.1,0.00%
May 11 2017 04:00,6.90961,6.91023,6.90876,6.9096,-0.1,0.00%
May 11 2017 03:00,6.90946,6.91024,6.90784,6.90961,1.5,0.00%
May 11 2017 02:00,6.91153,6.91171,6.90901,6.90942,-21.1,-0.03%
May 11 2017 01:00,6.91133,6.91274,6.91044,6.91161,2.8,0.00%
May 11 2017 00:00,6.9129,6.91344,6.91042,6.91141,-14.9,-0.02%
May 10 2017 23:00,6.91235,6.9133,6.91189,6.9129,5.5,0.01%
May 10 2017 22:00,6.91212,6.91233,6.912,6.91232,2,0.00%
May 10 2017 21:00,6.9108,6.91367,6.9108,6.91213,13.3,0.02%
May 10 2017 20:00,6.9135,6.91356,6.91061,6.91061,-28.9,-0.04%
May 10 2017 19:00,6.91197,6.91372,6.91174,6.91341,14.4,0.02%
May 10 2017 18:00,6.91277,6.91386,6.91178,6.91201,-7.6,-0.01%
May 10 2017 17:00,6.91169,6.91312,6.91165,6.91277,10.8,0.02%
May 10 2017 16:00,6.91151,6.91249,6.9114,6.91169,1.8,0.00%
May 10 2017 15:00,6.91119,6.91304,6.91079,6.91151,3.2,0.00%
May 10 2017 14:00,6.91111,6.91175,6.90988,6.9113,1.9,0.00%
May 10 2017 13:00,6.91053,6.91193,6.9096,6.9111,5.7,0.01%
May 10 2017 12:00,6.9077,6.91094,6.9075,6.91054,28.4,0.04%
May 10 2017 11:00,6.90898,6.90987,6.90737,6.90767,-13.1,-0.02%
May 10 2017 10:00,6.91021,6.91119,6.90842,6.909,-12.1,-0.02%
May 10 2017 09:00,6.9104,6.91242,6.91019,6.91022,-1.8,0.00%
May 10 2017 08:00,6.91055,6.91125,6.90787,6.91037,-1.8,0.00%
May 10 2017 07:00,6.91269,6.91302,6.91042,6.91062,-20.7,-0.03%
May 10 2017 06:00,6.91172,6.91339,6.91128,6.91266,9.4,0.01%
May 10 2017 05:00,6.91237,6.91263,6.91136,6.91175,-6.2,-0.01%
May 10 2017 04:00,6.91261,6.91261,6.91167,6.91238,-2.3,0.00%
May 10 2017 03:00,6.91148,6.91307,6.91148,6.91261,11.3,0.02%
May 10 2017 02:00,6.9128,6.9128,6.91105,6.91149,-13.1,-0.02%
May 10 2017 01:00,6.91422,6.91497,6.91242,6.91283,-13.9,-0.02%
May 10 2017 00:00,6.91255,6.9146,6.91207,6.9141,15.5,0.02%
May 09 2017 23:00,6.91041,6.91273,6.91041,6.91257,21.6,0.03%
May 09 2017 22:00,6.91497,6.91497,6.91026,6.91036,-46.1,-0.07%
May 09 2017 21:00,6.91195,6.91605,6.91173,6.91498,30.3,0.04%
May 09 2017 20:00,6.91558,6.91568,6.91158,6.91187,-37.1,-0.05%
May 09 2017 19:00,6.91661,6.91691,6.9156,6.91571,-9,-0.01%
May 09 2017 18:00,6.9145,6.91732,6.91442,6.91662,21.2,0.03%
May 09 2017 17:00,6.91515,6.91611,6.91387,6.91442,-7.3,-0.01%
May 09 2017 16:00,6.91182,6.91657,6.91177,6.91511,32.9,0.05%
May 09 2017 15:00,6.91099,6.912,6.91029,6.91184,8.5,0.01%
May 09 2017 14:00,6.91273,6.914,6.91008,6.91098,-17.5,-0.03%
May 09 2017 13:00,6.91635,6.91651,6.91255,6.91276,-35.9,-0.05%
May 09 2017 12:00,6.91272,6.91662,6.91253,6.91638,36.6,0.05%
May 09 2017 11:00,6.9121,6.91335,6.91083,6.91271,6.1,0.01%
May 09 2017 10:00,6.91312,6.91391,6.9118,6.91209,-10.3,-0.01%
May 09 2017 09:00,6.91213,6.91409,6.912,6.91313,10,0.01%
May 09 2017 08:00,6.91089,6.91291,6.90981,6.91213,12.4,0.02%
May 09 2017 07:00,6.91267,6.91359,6.91079,6.91088,-17.9,-0.03%
May 09 2017 06:00,6.90983,6.91351,6.90983,6.91259,27.6,0.04%
May 09 2017 05:00,6.90991,6.91079,6.90889,6.90983,-0.8,0.00%
May 09 2017 04:00,6.9086,6.91102,6.9084,6.91,14,0.02%
May 09 2017 03:00,6.90997,6.91019,6.90819,6.90859,-13.8,-0.02%
May 09 2017 02:00,6.91077,6.91164,6.90901,6.90998,-7.9,-0.01%
May 09 2017 01:00,6.91045,6.91409,6.91024,6.91069,2.4,0.00%
May 09 2017 00:00,6.90799,6.91239,6.90761,6.91044,24.5,0.04%
May 08 2017 23:00,6.9087,6.90874,6.90753,6.90799,-7.1,-0.01%
May 08 2017 22:00,6.9087,6.90891,6.90852,6.90855,-1.5,0.00%
May 08 2017 21:00,6.9063,6.90871,6.90501,6.90871,24.1,0.03%
May 08 2017 20:00,6.90908,6.90958,6.90627,6.90631,-27.7,-0.04%
,,,,,,
,,,,,,
,,,,,,
,,,,,,
,,,,,,
,,,,,,
,,,,,,
,,,,,,
,,,,,,
,,,,,,
,,,,,,
,,,,,,
,,,,,,
,,,,,,
,,,,,,
,,,,,,
