20160104 000000,1.087940,1.087940,1.087830,1.087830,0
20160104 000100,1.087830,1.087840,1.087640,1.087640,0
20160104 000200,1.087640,1.088220,1.087640,1.088220,0
20160104 000300,1.088220,1.088220,1.088040,1.088050,0
20160104 000400,1.088050,1.088050,1.087820,1.087960,0
20160104 000500,1.087960,1.087960,1.087630,1.087630,0
20160104 000600,1.087640,1.087740,1.087620,1.087650,0
20160104 000700,1.087640,1.087660,1.087520,1.087520,0
20160104 000800,1.087470,1.087780,1.087400,1.087780,0
20160104 000900,1.087790,1.087790,1.087550,1.087550,0
20160104 001000,1.087630,1.087790,1.087620,1.087790,0
20160104 001100,1.087780,1.087890,1.087770,1.087860,0
20160104 001200,1.087860,1.087990,1.087780,1.087970,0
20160104 001300,1.087980,1.087980,1.087690,1.087690,0
20160104 001400,1.087670,1.087960,1.087670,1.087840,0
20160104 001500,1.087850,1.087980,1.087800,1.087980,0
20160104 001600,1.088010,1.088100,1.087950,1.087970,0
20160104 001700,1.087980,1.088010,1.087970,1.087980,0
20160104 001800,1.087970,1.087980,1.087970,1.087970,0
20160104 001900,1.087980,1.088010,1.087950,1.087960,0
20160104 002000,1.087960,1.088260,1.087950,1.088140,0
20160104 002100,1.088140,1.088140,1.087960,1.087960,0
20160104 002200,1.087970,1.088020,1.087960,1.087960,0
20160104 002300,1.087960,1.088040,1.087940,1.088030,0
20160104 002400,1.088030,1.088040,1.088020,1.088030,0
20160104 002500,1.088050,1.088340,1.088050,1.088250,0
20160104 002600,1.088240,1.088260,1.088060,1.088110,0
20160104 002700,1.088120,1.088140,1.088050,1.088060,0
20160104 002800,1.088050,1.088150,1.088050,1.088140,0
20160104 002900,1.088150,1.088260,1.088140,1.088150,0
20160104 003000,1.088210,1.088360,1.088210,1.088340,0
20160104 003100,1.088360,1.088460,1.088270,1.088450,0
20160104 003200,1.088460,1.089190,1.088460,1.089070,0
20160104 003300,1.089070,1.089230,1.088930,1.089120,0
20160104 003400,1.089110,1.089540,1.089100,1.089450,0
20160104 003500,1.089450,1.089550,1.089240,1.089460,0
20160104 003600,1.089480,1.089680,1.089440,1.089560,0
20160104 003700,1.089550,1.089550,1.089230,1.089350,0
20160104 003800,1.089350,1.089410,1.089040,1.089270,0
20160104 003900,1.089260,1.089670,1.089250,1.089580,0
20160104 004000,1.089600,1.089910,1.089560,1.089870,0
20160104 004100,1.089870,1.089970,1.089790,1.089860,0
20160104 004200,1.089860,1.090040,1.089860,1.089980,0
20160104 004300,1.090010,1.090070,1.089670,1.089770,0
20160104 004400,1.089770,1.090000,1.089740,1.089840,0
20160104 004500,1.089850,1.090480,1.089850,1.090470,0
20160104 004600,1.090430,1.090450,1.090160,1.090250,0
20160104 004700,1.090260,1.090380,1.090160,1.090220,0
20160104 004800,1.090220,1.090390,1.090150,1.090160,0
20160104 004900,1.090160,1.090160,1.090020,1.090070,0
20160104 005000,1.090070,1.090160,1.090000,1.090040,0
20160104 005100,1.090030,1.090130,1.090010,1.090050,0
20160104 005200,1.090050,1.090240,1.090030,1.090050,0
20160104 005300,1.090040,1.090140,1.090010,1.090140,0
20160104 005400,1.090130,1.090170,1.090000,1.090050,0
20160104 005500,1.090030,1.090170,1.089830,1.089920,0
20160104 005600,1.089940,1.090020,1.089860,1.089860,0
20160104 005700,1.089870,1.090050,1.089870,1.090030,0
20160104 005800,1.090030,1.090030,1.089780,1.089820,0
20160104 005900,1.089810,1.089840,1.089550,1.089730,0
20160104 010000,1.089720,1.089720,1.089500,1.089520,0
20160104 010100,1.089550,1.089670,1.089530,1.089560,0
20160104 010200,1.089570,1.089690,1.089230,1.089250,0
20160104 010300,1.089250,1.089480,1.089250,1.089480,0
20160104 010400,1.089440,1.089490,1.089310,1.089330,0
20160104 010500,1.089330,1.089360,1.089320,1.089340,0
20160104 010600,1.089350,1.089480,1.089350,1.089480,0
20160104 010700,1.089450,1.089460,1.089330,1.089340,0
20160104 010800,1.089320,1.089550,1.089320,1.089530,0
20160104 010900,1.089510,1.089510,1.089320,1.089320,0
20160104 011000,1.089320,1.089810,1.089320,1.089810,0
20160104 011100,1.089800,1.089930,1.089800,1.089890,0
20160104 011200,1.089900,1.089920,1.089730,1.089730,0
20160104 011300,1.089720,1.089930,1.089560,1.089880,0
20160104 011400,1.089880,1.089910,1.089740,1.089810,0
20160104 011500,1.089800,1.089800,1.089750,1.089750,0
20160104 011600,1.089740,1.089740,1.089730,1.089740,0
20160104 011700,1.089740,1.089860,1.089740,1.089840,0
20160104 011800,1.089840,1.089950,1.089750,1.089950,0
20160104 011900,1.089940,1.090150,1.089920,1.089930,0
20160104 012000,1.089940,1.090240,1.089940,1.090150,0
20160104 012100,1.090140,1.090160,1.090050,1.090050,0
20160104 012200,1.090050,1.090050,1.089840,1.089840,0
20160104 012300,1.089840,1.089840,1.089500,1.089500,0
20160104 012400,1.089500,1.089700,1.089420,1.089660,0
20160104 012500,1.089650,1.089710,1.089630,1.089640,0
20160104 012600,1.089610,1.089610,1.089420,1.089500,0
20160104 012700,1.089440,1.089560,1.089410,1.089450,0
20160104 012800,1.089460,1.089570,1.089430,1.089490,0
20160104 012900,1.089470,1.089540,1.089330,1.089480,0
20160104 013000,1.089490,1.089540,1.089270,1.089300,0
20160104 013100,1.089290,1.089290,1.089090,1.089130,0
20160104 013200,1.089120,1.089280,1.089090,1.089220,0
20160104 013300,1.089200,1.089210,1.089040,1.089040,0
20160104 013400,1.089040,1.089340,1.089020,1.089340,0
20160104 013500,1.089330,1.089330,1.089080,1.089090,0
20160104 013600,1.089090,1.089130,1.089050,1.089120,0
20160104 013700,1.089120,1.089130,1.089000,1.089030,0
20160104 013800,1.089030,1.089100,1.089000,1.089090,0
20160104 013900,1.089120,1.089240,1.089040,1.089230,0
20160104 014000,1.089240,1.089340,1.089230,1.089230,0
20160104 014100,1.089220,1.089220,1.089030,1.089040,0
20160104 014200,1.089060,1.089110,1.089020,1.089100,0
20160104 014300,1.089090,1.089140,1.089020,1.089040,0
20160104 014400,1.089040,1.089130,1.088870,1.089130,0
20160104 014500,1.089130,1.089140,1.088930,1.088940,0
20160104 014600,1.088920,1.088960,1.088740,1.088790,0
20160104 014700,1.088800,1.088860,1.088760,1.088810,0
20160104 014800,1.088820,1.089050,1.088820,1.088970,0
20160104 014900,1.088970,1.089050,1.088850,1.088860,0
20160104 015000,1.088850,1.088950,1.088730,1.088770,0
20160104 015100,1.088780,1.088860,1.088770,1.088780,0
20160104 015200,1.088790,1.088830,1.088670,1.088690,0
20160104 015300,1.088670,1.088760,1.088640,1.088650,0
20160104 015400,1.088630,1.088630,1.088560,1.088560,0
20160104 015500,1.088570,1.088580,1.088440,1.088460,0
20160104 015600,1.088450,1.088840,1.088450,1.088660,0
20160104 015700,1.088700,1.088900,1.088700,1.088860,0
20160104 015800,1.088860,1.088870,1.088810,1.088860,0
20160104 015900,1.088870,1.088950,1.088810,1.088880,0
20160104 020000,1.088870,1.089430,1.088870,1.089420,0
20160104 020100,1.089460,1.089660,1.089340,1.089370,0
20160104 020200,1.089360,1.089520,1.089160,1.089180,0
20160104 020300,1.089170,1.089180,1.088880,1.088950,0
20160104 020400,1.088960,1.089050,1.088910,1.089040,0
20160104 020500,1.089040,1.089040,1.088400,1.088810,0
20160104 020600,1.088800,1.089020,1.088710,1.088820,0
20160104 020700,1.088800,1.088800,1.088330,1.088470,0
20160104 020800,1.088480,1.088790,1.088190,1.088210,0
20160104 020900,1.088290,1.088600,1.088220,1.088490,0
20160104 021000,1.088490,1.088520,1.088160,1.088290,0
20160104 021100,1.088300,1.088940,1.088290,1.088940,0
20160104 021200,1.088940,1.089170,1.088830,1.089140,0
20160104 021300,1.089150,1.089420,1.089030,1.089390,0
20160104 021400,1.089450,1.089450,1.089250,1.089280,0
20160104 021500,1.089260,1.089270,1.088830,1.088950,0
20160104 021600,1.088960,1.089400,1.088960,1.089210,0
20160104 021700,1.089220,1.089360,1.089200,1.089300,0
20160104 021800,1.089280,1.089280,1.088950,1.089240,0
20160104 021900,1.089230,1.089230,1.088750,1.088840,0
20160104 022000,1.088820,1.088880,1.088510,1.088620,0
20160104 022100,1.088630,1.088770,1.088540,1.088740,0
20160104 022200,1.088740,1.088870,1.088580,1.088830,0
20160104 022300,1.088860,1.088940,1.088760,1.088920,0
20160104 022400,1.088930,1.088950,1.088610,1.088800,0
20160104 022500,1.088800,1.089050,1.088770,1.089050,0
20160104 022600,1.089070,1.089330,1.088990,1.089150,0
20160104 022700,1.089140,1.089430,1.089050,1.089340,0
20160104 022800,1.089390,1.089560,1.089390,1.089460,0
20160104 022900,1.089450,1.089540,1.089020,1.089020,0
20160104 023000,1.089030,1.089200,1.089030,1.089080,0
20160104 023100,1.089090,1.089210,1.088830,1.089110,0
20160104 023200,1.089080,1.089380,1.089000,1.089300,0
20160104 023300,1.089290,1.089290,1.089070,1.089170,0
20160104 023400,1.089150,1.089470,1.089150,1.089450,0
20160104 023500,1.089440,1.089560,1.089420,1.089450,0
20160104 023600,1.089440,1.089440,1.089140,1.089140,0
20160104 023700,1.089150,1.089380,1.089130,1.089370,0
20160104 023800,1.089360,1.089620,1.089240,1.089280,0
20160104 023900,1.089260,1.089290,1.089020,1.089070,0
20160104 024000,1.089060,1.089370,1.089040,1.089220,0
20160104 024100,1.089230,1.089250,1.089110,1.089160,0
20160104 024200,1.089170,1.089390,1.089170,1.089360,0
20160104 024300,1.089370,1.089670,1.089360,1.089610,0
20160104 024400,1.089620,1.090270,1.089580,1.090060,0
20160104 024500,1.090060,1.091730,1.090010,1.091550,0
20160104 024600,1.091550,1.091630,1.091190,1.091440,0
20160104 024700,1.091440,1.091540,1.091140,1.091350,0
20160104 024800,1.091390,1.091840,1.091310,1.091840,0
20160104 024900,1.091820,1.091870,1.091570,1.091760,0
20160104 025000,1.091750,1.091750,1.091430,1.091720,0
20160104 025100,1.091730,1.092040,1.091430,1.091860,0
20160104 025200,1.091860,1.091920,1.091660,1.091750,0
20160104 025300,1.091760,1.091840,1.091440,1.091600,0
20160104 025400,1.091610,1.092000,1.091610,1.091710,0
20160104 025500,1.091730,1.091800,1.091560,1.091670,0
20160104 025600,1.091650,1.091650,1.091420,1.091440,0
20160104 025700,1.091500,1.091610,1.091330,1.091440,0
20160104 025800,1.091400,1.091450,1.091220,1.091220,0
20160104 025900,1.091220,1.091340,1.091100,1.091270,0
20160104 030000,1.091260,1.091670,1.091060,1.091600,0
20160104 030100,1.091570,1.092390,1.091570,1.092190,0
20160104 030200,1.092200,1.092330,1.091810,1.091910,0
20160104 030300,1.091910,1.091920,1.091700,1.091760,0
20160104 030400,1.091760,1.091930,1.091730,1.091830,0
20160104 030500,1.091880,1.092360,1.091880,1.092260,0
20160104 030600,1.092280,1.092670,1.092230,1.092640,0
20160104 030700,1.092680,1.092860,1.092330,1.092760,0
20160104 030800,1.092780,1.093330,1.092770,1.092910,0
20160104 030900,1.092900,1.093270,1.092830,1.092830,0
20160104 031000,1.092850,1.093190,1.092810,1.093070,0
20160104 031100,1.093070,1.093410,1.092620,1.092720,0
20160104 031200,1.092770,1.092820,1.092280,1.092530,0
20160104 031300,1.092530,1.092900,1.092510,1.092770,0
20160104 031400,1.092770,1.093050,1.092450,1.092560,0
20160104 031500,1.092570,1.092930,1.092510,1.092930,0
20160104 031600,1.092940,1.093690,1.092920,1.093690,0
20160104 031700,1.093740,1.094070,1.093610,1.093950,0
20160104 031800,1.093960,1.094570,1.093850,1.093870,0
20160104 031900,1.093880,1.094260,1.093750,1.093780,0
20160104 032000,1.093790,1.094360,1.093720,1.094320,0
20160104 032100,1.094330,1.094640,1.094010,1.094350,0
20160104 032200,1.094320,1.094520,1.093960,1.094030,0
20160104 032300,1.094040,1.094190,1.093880,1.093910,0
20160104 032400,1.093910,1.094220,1.093790,1.093790,0
20160104 032500,1.093800,1.094160,1.093790,1.093790,0
20160104 032600,1.093800,1.093940,1.093680,1.093820,0
20160104 032700,1.093820,1.093860,1.093590,1.093610,0
20160104 032800,1.093610,1.093710,1.093480,1.093700,0
20160104 032900,1.093700,1.094170,1.093670,1.094130,0
20160104 033000,1.094120,1.094510,1.094120,1.094280,0
20160104 033100,1.094260,1.094300,1.093690,1.093690,0
20160104 033200,1.093710,1.093720,1.093360,1.093380,0
20160104 033300,1.093400,1.093420,1.093160,1.093190,0
20160104 033400,1.093180,1.093220,1.092900,1.092910,0
20160104 033500,1.092910,1.092990,1.092600,1.092650,0
20160104 033600,1.092660,1.092810,1.092630,1.092810,0
20160104 033700,1.092810,1.092900,1.092600,1.092810,0
20160104 033800,1.092840,1.092900,1.092590,1.092780,0
20160104 033900,1.092770,1.092890,1.092700,1.092810,0
20160104 034000,1.092820,1.092890,1.092400,1.092400,0
20160104 034100,1.092420,1.092510,1.092190,1.092410,0
20160104 034200,1.092410,1.092630,1.092190,1.092620,0
20160104 034300,1.092680,1.092820,1.092470,1.092620,0
20160104 034400,1.092610,1.092670,1.092360,1.092370,0
20160104 034500,1.092380,1.092590,1.092350,1.092360,0
20160104 034600,1.092370,1.092780,1.092370,1.092770,0
20160104 034700,1.092760,1.092920,1.092760,1.092910,0
20160104 034800,1.092910,1.092920,1.092700,1.092710,0
20160104 034900,1.092700,1.092700,1.092470,1.092610,0
20160104 035000,1.092610,1.092770,1.092610,1.092710,0
20160104 035100,1.092720,1.093430,1.092720,1.093060,0
20160104 035200,1.093050,1.093540,1.093050,1.093540,0
20160104 035300,1.093550,1.093630,1.093210,1.093210,0
20160104 035400,1.093220,1.093230,1.092870,1.093200,0
20160104 035500,1.093250,1.093260,1.092090,1.092180,0
20160104 035600,1.092190,1.092320,1.091910,1.092160,0
20160104 035700,1.092150,1.092380,1.091920,1.091960,0
20160104 035800,1.091970,1.092210,1.091900,1.092110,0
20160104 035900,1.092110,1.092500,1.092080,1.092390,0
20160104 040000,1.092400,1.092630,1.092390,1.092590,0
20160104 040100,1.092590,1.092620,1.092320,1.092430,0
20160104 040200,1.092450,1.092450,1.091880,1.092000,0
20160104 040300,1.092050,1.092070,1.091900,1.092020,0
20160104 040400,1.092020,1.092250,1.091930,1.092110,0
20160104 040500,1.092110,1.092420,1.092080,1.092390,0
20160104 040600,1.092420,1.092710,1.092350,1.092370,0
20160104 040700,1.092390,1.092500,1.092380,1.092400,0
20160104 040800,1.092400,1.092520,1.092370,1.092390,0
20160104 040900,1.092380,1.092900,1.092380,1.092700,0
20160104 041000,1.092720,1.092730,1.092600,1.092670,0
20160104 041100,1.092660,1.092690,1.092620,1.092670,0
20160104 041200,1.092670,1.092690,1.092330,1.092390,0
20160104 041300,1.092370,1.092580,1.092280,1.092300,0
20160104 041400,1.092310,1.092310,1.092210,1.092280,0
20160104 041500,1.092300,1.092400,1.092240,1.092240,0
20160104 041600,1.092230,1.092300,1.091900,1.091900,0
20160104 041700,1.091900,1.092020,1.091800,1.092000,0
20160104 041800,1.092010,1.092060,1.091890,1.091970,0
20160104 041900,1.091960,1.091980,1.091730,1.091850,0
20160104 042000,1.091860,1.092060,1.091800,1.091820,0
20160104 042100,1.091830,1.091880,1.091470,1.091510,0
20160104 042200,1.091490,1.091760,1.091370,1.091710,0
20160104 042300,1.091720,1.091910,1.091710,1.091910,0
20160104 042400,1.091900,1.091980,1.091730,1.091910,0
20160104 042500,1.091900,1.092240,1.091900,1.092100,0
20160104 042600,1.092120,1.092140,1.091730,1.091760,0
20160104 042700,1.091770,1.091840,1.091680,1.091730,0
20160104 042800,1.091740,1.091830,1.091740,1.091810,0
20160104 042900,1.091830,1.091850,1.091710,1.091840,0
20160104 043000,1.091780,1.091940,1.091750,1.091790,0
20160104 043100,1.091790,1.092020,1.091750,1.091920,0
20160104 043200,1.091900,1.092080,1.091890,1.091900,0
20160104 043300,1.091910,1.092120,1.091860,1.091900,0
20160104 043400,1.091900,1.092020,1.091690,1.091770,0
20160104 043500,1.091770,1.091780,1.091480,1.091620,0
20160104 043600,1.091610,1.091910,1.091590,1.091810,0
20160104 043700,1.091800,1.091820,1.091390,1.091680,0
20160104 043800,1.091700,1.091720,1.091460,1.091520,0
20160104 043900,1.091500,1.091620,1.091270,1.091410,0
20160104 044000,1.091440,1.091740,1.091420,1.091460,0
20160104 044100,1.091430,1.091560,1.091280,1.091470,0
20160104 044200,1.091480,1.092200,1.091480,1.092090,0
20160104 044300,1.092080,1.092150,1.091890,1.092100,0
20160104 044400,1.092100,1.092100,1.091800,1.092060,0
20160104 044500,1.092080,1.092260,1.091920,1.092230,0
20160104 044600,1.092230,1.092330,1.092190,1.092220,0
20160104 044700,1.092220,1.092340,1.092190,1.092310,0
20160104 044800,1.092300,1.092410,1.092280,1.092370,0
20160104 044900,1.092380,1.092660,1.092380,1.092510,0
20160104 045000,1.092520,1.092610,1.092420,1.092600,0
20160104 045100,1.092600,1.092660,1.092500,1.092510,0
20160104 045200,1.092520,1.092600,1.092270,1.092270,0
20160104 045300,1.092270,1.092550,1.092260,1.092380,0
20160104 045400,1.092380,1.092480,1.092300,1.092390,0
20160104 045500,1.092400,1.092670,1.092400,1.092490,0
20160104 045600,1.092490,1.092670,1.092490,1.092630,0
20160104 045700,1.092640,1.092780,1.092490,1.092580,0
20160104 045800,1.092580,1.092740,1.092490,1.092730,0
20160104 045900,1.092740,1.093030,1.092730,1.092900,0
20160104 050000,1.092900,1.093270,1.092800,1.093240,0
20160104 050100,1.093210,1.093570,1.093090,1.093430,0
20160104 050200,1.093460,1.093500,1.093300,1.093310,0
20160104 050300,1.093300,1.093310,1.093110,1.093120,0
20160104 050400,1.093110,1.093200,1.093070,1.093180,0
20160104 050500,1.093200,1.093400,1.093000,1.093040,0
20160104 050600,1.093050,1.093070,1.092550,1.092590,0
20160104 050700,1.092590,1.092590,1.092410,1.092410,0
20160104 050800,1.092410,1.092610,1.092390,1.092540,0
20160104 050900,1.092540,1.092760,1.092540,1.092720,0
20160104 051000,1.092730,1.092930,1.092700,1.092760,0
20160104 051100,1.092780,1.093120,1.092780,1.093120,0
20160104 051200,1.093120,1.093120,1.092580,1.092580,0
20160104 051300,1.092600,1.092830,1.092600,1.092800,0
20160104 051400,1.092800,1.092840,1.092610,1.092800,0
20160104 051500,1.092820,1.092820,1.092510,1.092740,0
20160104 051600,1.092740,1.092840,1.092400,1.092600,0
20160104 051700,1.092610,1.092610,1.092290,1.092460,0
20160104 051800,1.092450,1.092500,1.092070,1.092100,0
20160104 051900,1.092100,1.092310,1.092100,1.092260,0
20160104 052000,1.092250,1.092320,1.092010,1.092290,0
20160104 052100,1.092280,1.092430,1.092280,1.092280,0
20160104 052200,1.092290,1.092360,1.092170,1.092170,0
20160104 052300,1.092180,1.092180,1.092100,1.092100,0
20160104 052400,1.092110,1.092110,1.091860,1.091890,0
20160104 052500,1.091870,1.091960,1.091460,1.091710,0
20160104 052600,1.091700,1.091750,1.091510,1.091600,0
20160104 052700,1.091600,1.091690,1.091590,1.091610,0
20160104 052800,1.091620,1.091780,1.091570,1.091610,0
20160104 052900,1.091610,1.091710,1.091520,1.091710,0
20160104 053000,1.091730,1.092020,1.091690,1.092020,0
20160104 053100,1.092030,1.092060,1.091820,1.091870,0
20160104 053200,1.091880,1.091890,1.091790,1.091810,0
20160104 053300,1.091790,1.091790,1.091590,1.091590,0
20160104 053400,1.091590,1.091720,1.091530,1.091690,0
20160104 053500,1.091710,1.091720,1.091480,1.091530,0
20160104 053600,1.091540,1.091710,1.091490,1.091600,0
20160104 053700,1.091600,1.091600,1.091480,1.091580,0
20160104 053800,1.091560,1.091640,1.091510,1.091640,0
20160104 053900,1.091650,1.091750,1.091530,1.091740,0
20160104 054000,1.091740,1.091780,1.091520,1.091620,0
20160104 054100,1.091610,1.091750,1.091510,1.091750,0
20160104 054200,1.091740,1.091750,1.091600,1.091620,0
20160104 054300,1.091630,1.091720,1.091490,1.091720,0
20160104 054400,1.091710,1.091740,1.091380,1.091450,0
20160104 054500,1.091460,1.091460,1.090770,1.090810,0
20160104 054600,1.090790,1.090890,1.090660,1.090870,0
20160104 054700,1.090880,1.090980,1.090720,1.090900,0
20160104 054800,1.090900,1.091000,1.090780,1.091000,0
20160104 054900,1.090990,1.091050,1.090920,1.091050,0
20160104 055000,1.091040,1.091250,1.091040,1.091230,0
20160104 055100,1.091220,1.091350,1.091150,1.091230,0
20160104 055200,1.091270,1.091320,1.091120,1.091120,0
20160104 055300,1.091120,1.091240,1.091050,1.091120,0
20160104 055400,1.091130,1.091140,1.090820,1.090940,0
20160104 055500,1.090920,1.090950,1.090740,1.090910,0
20160104 055600,1.090900,1.090900,1.090580,1.090600,0
20160104 055700,1.090630,1.090760,1.090580,1.090700,0
20160104 055800,1.090720,1.090740,1.090600,1.090630,0
20160104 055900,1.090620,1.090710,1.090500,1.090560,0
20160104 060000,1.090560,1.090670,1.090450,1.090500,0
20160104 060100,1.090490,1.090680,1.090320,1.090370,0
20160104 060200,1.090330,1.090370,1.090200,1.090210,0
20160104 060300,1.090200,1.090220,1.089760,1.089900,0
20160104 060400,1.089900,1.090120,1.089900,1.090030,0
20160104 060500,1.090020,1.090240,1.090000,1.090200,0
20160104 060600,1.090200,1.090210,1.090030,1.090070,0
20160104 060700,1.090080,1.090410,1.090080,1.090340,0
20160104 060800,1.090340,1.090360,1.090200,1.090200,0
20160104 060900,1.090210,1.090220,1.090110,1.090200,0
20160104 061000,1.090210,1.090320,1.090150,1.090300,0
20160104 061100,1.090300,1.090560,1.090300,1.090530,0
20160104 061200,1.090530,1.090530,1.090300,1.090320,0
20160104 061300,1.090330,1.090360,1.090100,1.090240,0
20160104 061400,1.090240,1.090590,1.090240,1.090540,0
20160104 061500,1.090530,1.090550,1.090400,1.090550,0
20160104 061600,1.090550,1.090640,1.090510,1.090520,0
20160104 061700,1.090520,1.090600,1.090500,1.090590,0
20160104 061800,1.090600,1.090640,1.090510,1.090610,0
20160104 061900,1.090640,1.090650,1.090490,1.090590,0
20160104 062000,1.090600,1.090640,1.090510,1.090610,0
20160104 062100,1.090610,1.090610,1.090530,1.090610,0
20160104 062200,1.090600,1.090600,1.090520,1.090520,0
20160104 062300,1.090520,1.090690,1.090490,1.090650,0
20160104 062400,1.090670,1.090940,1.090640,1.090800,0
20160104 062500,1.090820,1.090820,1.090700,1.090800,0
20160104 062600,1.090810,1.090850,1.090680,1.090740,0
20160104 062700,1.090770,1.090900,1.090740,1.090880,0
20160104 062800,1.090880,1.090950,1.090710,1.090860,0
20160104 062900,1.090850,1.090970,1.090810,1.090930,0
20160104 063000,1.090930,1.091140,1.090930,1.091110,0
20160104 063100,1.091070,1.091070,1.090610,1.090610,0
20160104 063200,1.090610,1.090700,1.090490,1.090490,0
20160104 063300,1.090510,1.090740,1.090490,1.090720,0
20160104 063400,1.090730,1.090820,1.090690,1.090790,0
20160104 063500,1.090770,1.090770,1.090680,1.090690,0
20160104 063600,1.090720,1.090880,1.090700,1.090840,0
20160104 063700,1.090840,1.091130,1.090820,1.091020,0
20160104 063800,1.091010,1.091540,1.091010,1.091340,0
20160104 063900,1.091320,1.091350,1.091170,1.091280,0
20160104 064000,1.091280,1.091530,1.091220,1.091470,0
20160104 064100,1.091460,1.091510,1.091210,1.091210,0
20160104 064200,1.091320,1.091390,1.091280,1.091280,0
20160104 064300,1.091330,1.091340,1.091210,1.091220,0
20160104 064400,1.091210,1.091230,1.091190,1.091230,0
20160104 064500,1.091250,1.091640,1.091250,1.091560,0
20160104 064600,1.091630,1.091710,1.091490,1.091500,0
20160104 064700,1.091480,1.091550,1.091090,1.091090,0
20160104 064800,1.091070,1.091200,1.090930,1.091010,0
20160104 064900,1.091020,1.091230,1.090990,1.091120,0
20160104 065000,1.091110,1.091300,1.091110,1.091260,0
20160104 065100,1.091260,1.091280,1.091090,1.091100,0
20160104 065200,1.091100,1.091310,1.091100,1.091260,0
20160104 065300,1.091270,1.091270,1.091000,1.091070,0
20160104 065400,1.091060,1.091100,1.090990,1.091000,0
20160104 065500,1.091000,1.091090,1.090890,1.091010,0
20160104 065600,1.091010,1.091100,1.091000,1.091000,0
20160104 065700,1.091010,1.091020,1.090550,1.090830,0
20160104 065800,1.090810,1.091350,1.090810,1.091350,0
20160104 065900,1.091340,1.091720,1.091300,1.091700,0
20160104 070000,1.091700,1.091990,1.091680,1.091840,0
20160104 070100,1.091830,1.091850,1.091640,1.091680,0
20160104 070200,1.091640,1.091810,1.091600,1.091720,0
20160104 070300,1.091710,1.092020,1.091700,1.092000,0
20160104 070400,1.091980,1.092130,1.091810,1.091940,0
20160104 070500,1.091920,1.092000,1.091800,1.091810,0
20160104 070600,1.091820,1.091860,1.091720,1.091720,0
20160104 070700,1.091740,1.091920,1.091740,1.091900,0
20160104 070800,1.091900,1.092120,1.091900,1.092110,0
20160104 070900,1.092110,1.092460,1.092110,1.092330,0
20160104 071000,1.092330,1.092330,1.092130,1.092190,0
20160104 071100,1.092190,1.092200,1.091890,1.091910,0
20160104 071200,1.091960,1.092010,1.091870,1.091960,0
20160104 071300,1.091960,1.091960,1.091760,1.091810,0
20160104 071400,1.091810,1.091880,1.091700,1.091700,0
20160104 071500,1.091720,1.092310,1.091720,1.092310,0
20160104 071600,1.092310,1.092430,1.092100,1.092100,0
20160104 071700,1.092100,1.092170,1.091500,1.091500,0
20160104 071800,1.091500,1.091590,1.091370,1.091460,0
20160104 071900,1.091430,1.091620,1.091430,1.091620,0
20160104 072000,1.091610,1.091610,1.091330,1.091370,0
20160104 072100,1.091380,1.091400,1.091000,1.091110,0
20160104 072200,1.091120,1.091360,1.091120,1.091350,0
20160104 072300,1.091360,1.091440,1.091320,1.091440,0
20160104 072400,1.091430,1.091440,1.090980,1.091030,0
20160104 072500,1.091040,1.091100,1.090870,1.091020,0
20160104 072600,1.091030,1.091140,1.090820,1.091030,0
20160104 072700,1.091040,1.091040,1.090860,1.090860,0
20160104 072800,1.090850,1.091000,1.090790,1.090800,0
20160104 072900,1.090790,1.090800,1.090690,1.090740,0
20160104 073000,1.090730,1.090770,1.090590,1.090670,0
20160104 073100,1.090650,1.090740,1.090640,1.090700,0
20160104 073200,1.090720,1.090740,1.090590,1.090630,0
20160104 073300,1.090620,1.090750,1.090440,1.090740,0
20160104 073400,1.090740,1.090850,1.090720,1.090830,0
20160104 073500,1.090820,1.090830,1.090730,1.090800,0
20160104 073600,1.090810,1.090830,1.090720,1.090800,0
20160104 073700,1.090790,1.090830,1.090620,1.090670,0
20160104 073800,1.090640,1.090650,1.090180,1.090250,0
20160104 073900,1.090260,1.090340,1.090130,1.090140,0
20160104 074000,1.090140,1.090200,1.090110,1.090140,0
20160104 074100,1.090140,1.090150,1.090120,1.090120,0
20160104 074200,1.090120,1.090190,1.089770,1.090130,0
20160104 074300,1.090120,1.090140,1.090000,1.090050,0
20160104 074400,1.090050,1.090050,1.089770,1.089810,0
20160104 074500,1.089820,1.089850,1.089690,1.089700,0
20160104 074600,1.089700,1.089830,1.089670,1.089800,0
20160104 074700,1.089800,1.089940,1.089780,1.089940,0
20160104 074800,1.089940,1.090120,1.089930,1.090000,0
20160104 074900,1.089990,1.090020,1.089800,1.089950,0
20160104 075000,1.089960,1.090030,1.089880,1.089930,0
20160104 075100,1.089930,1.090070,1.089810,1.090060,0
20160104 075200,1.090060,1.090060,1.089920,1.090010,0
20160104 075300,1.090010,1.090140,1.089950,1.090140,0
20160104 075400,1.090150,1.090340,1.090130,1.090340,0
20160104 075500,1.090430,1.090540,1.090430,1.090510,0
20160104 075600,1.090510,1.090710,1.090490,1.090610,0
20160104 075700,1.090620,1.090760,1.090510,1.090750,0
20160104 075800,1.090770,1.091040,1.090770,1.090940,0
20160104 075900,1.090930,1.090940,1.090630,1.090720,0
20160104 080000,1.090010,1.090300,1.089840,1.090010,0
20160104 080100,1.090000,1.090210,1.089950,1.090160,0
20160104 080200,1.090150,1.090160,1.089850,1.090110,0
20160104 080300,1.090120,1.090150,1.089620,1.089700,0
20160104 080400,1.089710,1.089960,1.089630,1.089630,0
20160104 080500,1.089640,1.089850,1.089640,1.089730,0
20160104 080600,1.089740,1.090030,1.089740,1.089910,0
20160104 080700,1.089910,1.090010,1.089840,1.089880,0
20160104 080800,1.089840,1.090170,1.089840,1.090110,0
20160104 080900,1.090060,1.090220,1.090030,1.090050,0
20160104 081000,1.090030,1.090070,1.089910,1.089940,0
20160104 081100,1.089930,1.090090,1.089850,1.090080,0
20160104 081200,1.090070,1.090110,1.090010,1.090110,0
20160104 081300,1.090110,1.090510,1.090110,1.090410,0
20160104 081400,1.090420,1.090440,1.089590,1.089590,0
20160104 081500,1.089610,1.089850,1.089610,1.089830,0
20160104 081600,1.089830,1.089960,1.089710,1.089830,0
20160104 081700,1.089810,1.089890,1.089710,1.089830,0
20160104 081800,1.089860,1.089860,1.089440,1.089630,0
20160104 081900,1.089620,1.089640,1.089220,1.089260,0
20160104 082000,1.089280,1.089540,1.089000,1.089080,0
20160104 082100,1.089090,1.089230,1.088680,1.088730,0
20160104 082200,1.088720,1.088950,1.088720,1.088920,0
20160104 082300,1.088880,1.088950,1.088720,1.088940,0
20160104 082400,1.088940,1.088950,1.088840,1.088930,0
20160104 082500,1.088930,1.088970,1.088700,1.088840,0
20160104 082600,1.088840,1.088960,1.088810,1.088810,0
20160104 082700,1.088820,1.088930,1.088750,1.088860,0
20160104 082800,1.088860,1.088940,1.088510,1.088570,0
20160104 082900,1.088550,1.088580,1.088120,1.088250,0
20160104 083000,1.088250,1.088460,1.088180,1.088240,0
20160104 083100,1.088250,1.088490,1.087520,1.087820,0
20160104 083200,1.087830,1.087960,1.086760,1.087210,0
20160104 083300,1.087200,1.087240,1.086530,1.087230,0
20160104 083400,1.087220,1.087220,1.085940,1.086290,0
20160104 083500,1.086280,1.086430,1.085670,1.085890,0
20160104 083600,1.085870,1.086280,1.085840,1.086280,0
20160104 083700,1.086290,1.086590,1.086290,1.086490,0
20160104 083800,1.086490,1.086610,1.085950,1.085950,0
20160104 083900,1.085940,1.086130,1.085600,1.085630,0
20160104 084000,1.085690,1.086000,1.085540,1.085540,0
20160104 084100,1.085550,1.086180,1.085500,1.086140,0
20160104 084200,1.086150,1.086500,1.086110,1.086280,0
20160104 084300,1.086260,1.086450,1.086150,1.086450,0
20160104 084400,1.086440,1.086480,1.085630,1.085870,0
20160104 084500,1.085840,1.085960,1.085400,1.085450,0
20160104 084600,1.085370,1.085370,1.084580,1.085100,0
20160104 084700,1.085060,1.085350,1.084810,1.085260,0
20160104 084800,1.085360,1.085360,1.085130,1.085250,0
20160104 084900,1.085240,1.085550,1.085120,1.085410,0
20160104 085000,1.085410,1.085620,1.085410,1.085590,0
20160104 085100,1.085580,1.085860,1.085530,1.085620,0
20160104 085200,1.085570,1.085580,1.085340,1.085350,0
20160104 085300,1.085360,1.085680,1.085350,1.085680,0
20160104 085400,1.085690,1.085860,1.085570,1.085800,0
20160104 085500,1.085770,1.085770,1.085540,1.085560,0
20160104 085600,1.085540,1.085760,1.085470,1.085680,0
20160104 085700,1.085680,1.085700,1.085120,1.085150,0
20160104 085800,1.085160,1.085360,1.085160,1.085210,0
20160104 085900,1.085200,1.085490,1.085160,1.085490,0
20160104 090000,1.085450,1.085670,1.085190,1.085280,0
20160104 090100,1.085300,1.085390,1.085040,1.085230,0
20160104 090200,1.085240,1.085370,1.085160,1.085360,0
20160104 090300,1.085380,1.085450,1.085310,1.085450,0
20160104 090400,1.085450,1.085450,1.085240,1.085410,0
20160104 090500,1.085390,1.085390,1.084960,1.085000,0
20160104 090600,1.084980,1.085460,1.084950,1.085450,0
20160104 090700,1.085460,1.085570,1.085320,1.085450,0
20160104 090800,1.085450,1.085590,1.085430,1.085470,0
20160104 090900,1.085460,1.085510,1.085300,1.085360,0
20160104 091000,1.085370,1.085710,1.085370,1.085600,0
20160104 091100,1.085590,1.085780,1.085590,1.085760,0
20160104 091200,1.085740,1.085800,1.085650,1.085780,0
20160104 091300,1.085780,1.086110,1.085690,1.086100,0
20160104 091400,1.086120,1.086310,1.086050,1.086200,0
20160104 091500,1.086190,1.086190,1.085840,1.085950,0
20160104 091600,1.085940,1.086100,1.085930,1.085960,0
20160104 091700,1.086000,1.086040,1.085810,1.085960,0
20160104 091800,1.085960,1.086010,1.085620,1.085640,0
20160104 091900,1.085640,1.085770,1.085340,1.085750,0
20160104 092000,1.085740,1.085780,1.085470,1.085550,0
20160104 092100,1.085560,1.085670,1.085380,1.085580,0
20160104 092200,1.085580,1.085700,1.085550,1.085560,0
20160104 092300,1.085570,1.085780,1.085560,1.085680,0
20160104 092400,1.085650,1.085780,1.085650,1.085700,0
20160104 092500,1.085690,1.085710,1.085350,1.085410,0
20160104 092600,1.085430,1.085430,1.084980,1.085030,0
20160104 092700,1.085040,1.085390,1.085040,1.085230,0
20160104 092800,1.085200,1.085200,1.085020,1.085060,0
20160104 092900,1.085050,1.085070,1.084960,1.085060,0
20160104 093000,1.085060,1.085330,1.085040,1.085280,0
20160104 093100,1.085270,1.085360,1.085060,1.085190,0
20160104 093200,1.085190,1.085230,1.084980,1.085180,0
20160104 093300,1.085180,1.085550,1.085180,1.085380,0
20160104 093400,1.085380,1.085960,1.085370,1.085960,0
20160104 093500,1.085970,1.086050,1.085370,1.085430,0
20160104 093600,1.085450,1.085450,1.085070,1.085200,0
20160104 093700,1.085200,1.085270,1.084830,1.085110,0
20160104 093800,1.084990,1.085380,1.084800,1.085340,0
20160104 093900,1.085300,1.085380,1.084930,1.084970,0
20160104 094000,1.085030,1.085470,1.085010,1.085280,0
20160104 094100,1.085280,1.085500,1.085250,1.085480,0
20160104 094200,1.085470,1.085560,1.085290,1.085430,0
20160104 094300,1.085420,1.085570,1.085320,1.085530,0
20160104 094400,1.085530,1.085550,1.085380,1.085460,0
20160104 094500,1.085450,1.085490,1.084930,1.084930,0
20160104 094600,1.084870,1.085030,1.084840,1.085030,0
20160104 094700,1.085020,1.085100,1.084870,1.085030,0
20160104 094800,1.085040,1.085090,1.084700,1.084760,0
20160104 094900,1.084760,1.084830,1.084260,1.084350,0
20160104 095000,1.084360,1.084460,1.084140,1.084180,0
20160104 095100,1.084160,1.084160,1.083620,1.083720,0
20160104 095200,1.083730,1.083790,1.083340,1.083520,0
20160104 095300,1.083530,1.084210,1.083520,1.084090,0
20160104 095400,1.084080,1.084480,1.083950,1.084340,0
20160104 095500,1.084340,1.084450,1.084150,1.084160,0
20160104 095600,1.084150,1.084400,1.084040,1.084250,0
20160104 095700,1.084220,1.084290,1.084040,1.084140,0
20160104 095800,1.084130,1.084130,1.083920,1.083950,0
20160104 095900,1.083910,1.083920,1.083300,1.083430,0
20160104 100000,1.083800,1.084490,1.083800,1.084380,0
20160104 100100,1.084470,1.084770,1.084040,1.084140,0
20160104 100200,1.084120,1.084280,1.083250,1.083780,0
20160104 100300,1.083780,1.084040,1.083660,1.083860,0
20160104 100400,1.083860,1.083950,1.083250,1.083810,0
20160104 100500,1.083870,1.083980,1.083660,1.083680,0
20160104 100600,1.083680,1.083750,1.083270,1.083530,0
20160104 100700,1.083570,1.083720,1.083240,1.083280,0
20160104 100800,1.083270,1.083570,1.083190,1.083400,0
20160104 100900,1.083410,1.083690,1.083170,1.083240,0
20160104 101000,1.083280,1.083550,1.082960,1.082960,0
20160104 101100,1.082900,1.082900,1.082220,1.082560,0
20160104 101200,1.082540,1.082670,1.082380,1.082450,0
20160104 101300,1.082450,1.082470,1.081860,1.082050,0
20160104 101400,1.082120,1.082120,1.081460,1.081500,0
20160104 101500,1.081510,1.081890,1.081510,1.081740,0
20160104 101600,1.081740,1.081890,1.081520,1.081830,0
20160104 101700,1.081810,1.082080,1.081640,1.081710,0
20160104 101800,1.081710,1.081720,1.081510,1.081520,0
20160104 101900,1.081530,1.081590,1.081250,1.081550,0
20160104 102000,1.081520,1.081690,1.081200,1.081300,0
20160104 102100,1.081310,1.081930,1.081310,1.081860,0
20160104 102200,1.081820,1.082340,1.081820,1.082270,0
20160104 102300,1.082280,1.082460,1.082070,1.082220,0
20160104 102400,1.082210,1.082220,1.081950,1.082110,0
20160104 102500,1.082150,1.082410,1.082150,1.082390,0
20160104 102600,1.082400,1.082420,1.082300,1.082350,0
20160104 102700,1.082400,1.082430,1.082210,1.082430,0
20160104 102800,1.082420,1.082670,1.082400,1.082630,0
20160104 102900,1.082650,1.082700,1.082560,1.082700,0
20160104 103000,1.082700,1.082870,1.082540,1.082560,0
20160104 103100,1.082560,1.082980,1.082510,1.082910,0
20160104 103200,1.082910,1.082920,1.082310,1.082310,0
20160104 103300,1.082300,1.082440,1.082150,1.082260,0
20160104 103400,1.082270,1.082290,1.081940,1.082020,0
20160104 103500,1.082010,1.082410,1.082010,1.082200,0
20160104 103600,1.082200,1.082350,1.082100,1.082320,0
20160104 103700,1.082330,1.082340,1.082100,1.082130,0
20160104 103800,1.082130,1.082200,1.082090,1.082170,0
20160104 103900,1.082180,1.082220,1.081990,1.082080,0
20160104 104000,1.082080,1.082580,1.082050,1.082570,0
20160104 104100,1.082560,1.082660,1.082360,1.082390,0
20160104 104200,1.082420,1.082570,1.082230,1.082380,0
20160104 104300,1.082380,1.082640,1.082110,1.082220,0
20160104 104400,1.082210,1.082390,1.082060,1.082070,0
20160104 104500,1.082030,1.082050,1.081850,1.082000,0
20160104 104600,1.081990,1.082240,1.081950,1.082010,0
20160104 104700,1.082020,1.082390,1.081980,1.082200,0
20160104 104800,1.082190,1.082420,1.082010,1.082350,0
20160104 104900,1.082330,1.082390,1.081530,1.081590,0
20160104 105000,1.081430,1.081540,1.081150,1.081300,0
20160104 105100,1.081300,1.081440,1.081190,1.081250,0
20160104 105200,1.081260,1.081260,1.081070,1.081130,0
20160104 105300,1.081140,1.081500,1.081090,1.081460,0
20160104 105400,1.081450,1.081480,1.081190,1.081270,0
20160104 105500,1.081270,1.081330,1.081130,1.081300,0
20160104 105600,1.081300,1.081440,1.081030,1.081170,0
20160104 105700,1.081180,1.081490,1.080770,1.080800,0
20160104 105800,1.080800,1.080840,1.080340,1.080480,0
20160104 105900,1.080480,1.080540,1.080110,1.080150,0
20160104 110000,1.080160,1.080480,1.080130,1.080460,0
20160104 110100,1.080450,1.080480,1.080210,1.080360,0
20160104 110200,1.080390,1.081000,1.080360,1.080900,0
20160104 110300,1.081000,1.081220,1.080630,1.080760,0
20160104 110400,1.080770,1.080940,1.080610,1.080840,0
20160104 110500,1.080830,1.081020,1.080210,1.080210,0
20160104 110600,1.080140,1.080600,1.080140,1.080600,0
20160104 110700,1.080610,1.080610,1.080090,1.080310,0
20160104 110800,1.080310,1.080460,1.079860,1.079980,0
20160104 110900,1.079980,1.080580,1.079970,1.080500,0
20160104 111000,1.080500,1.080500,1.079980,1.080080,0
20160104 111100,1.080080,1.080130,1.079980,1.080000,0
20160104 111200,1.080020,1.080090,1.079920,1.080020,0
20160104 111300,1.080010,1.080030,1.078730,1.078840,0
20160104 111400,1.078840,1.079160,1.078430,1.078540,0
20160104 111500,1.078480,1.078720,1.078400,1.078500,0
20160104 111600,1.078510,1.078870,1.078470,1.078510,0
20160104 111700,1.078510,1.078790,1.078480,1.078600,0
20160104 111800,1.078600,1.078660,1.078350,1.078470,0
20160104 111900,1.078470,1.078640,1.078210,1.078340,0
20160104 112000,1.078340,1.078570,1.078240,1.078470,0
20160104 112100,1.078460,1.078690,1.078420,1.078600,0
20160104 112200,1.078610,1.078640,1.078190,1.078200,0
20160104 112300,1.078190,1.078410,1.078160,1.078170,0
20160104 112400,1.078150,1.078280,1.078110,1.078180,0
20160104 112500,1.078180,1.078520,1.078140,1.078470,0
20160104 112600,1.078470,1.078530,1.078280,1.078530,0
20160104 112700,1.078580,1.078680,1.078410,1.078560,0
20160104 112800,1.078570,1.078820,1.078470,1.078820,0
20160104 112900,1.078830,1.078890,1.078580,1.078700,0
20160104 113000,1.078720,1.079120,1.078610,1.079060,0
20160104 113100,1.079060,1.079110,1.079000,1.079020,0
20160104 113200,1.079020,1.079240,1.079020,1.079200,0
20160104 113300,1.079200,1.079200,1.079040,1.079200,0
20160104 113400,1.079200,1.079340,1.079010,1.079270,0
20160104 113500,1.079280,1.079330,1.079160,1.079300,0
20160104 113600,1.079290,1.079620,1.079260,1.079500,0
20160104 113700,1.079490,1.079490,1.079310,1.079310,0
20160104 113800,1.079320,1.079410,1.079290,1.079310,0
20160104 113900,1.079320,1.079370,1.079080,1.079190,0
20160104 114000,1.079200,1.079430,1.079190,1.079270,0
20160104 114100,1.079260,1.079290,1.079160,1.079160,0
20160104 114200,1.079150,1.079390,1.079090,1.079390,0
20160104 114300,1.079390,1.079400,1.079200,1.079400,0
20160104 114400,1.079380,1.079580,1.079350,1.079570,0
20160104 114500,1.079570,1.079720,1.079390,1.079410,0
20160104 114600,1.079410,1.079430,1.079170,1.079190,0
20160104 114700,1.079180,1.079270,1.079140,1.079270,0
20160104 114800,1.079260,1.079320,1.079090,1.079090,0
20160104 114900,1.079090,1.079090,1.078830,1.078980,0
20160104 115000,1.078990,1.079140,1.078960,1.079050,0
20160104 115100,1.079060,1.079090,1.078830,1.079070,0
20160104 115200,1.079060,1.079530,1.079060,1.079450,0
20160104 115300,1.079450,1.079490,1.079300,1.079370,0
20160104 115400,1.079380,1.079660,1.079370,1.079510,0
20160104 115500,1.079550,1.079790,1.079490,1.079780,0
20160104 115600,1.079820,1.079980,1.079750,1.079920,0
20160104 115700,1.079930,1.080090,1.079840,1.079870,0
20160104 115800,1.079880,1.080310,1.079840,1.080220,0
20160104 115900,1.080250,1.080320,1.080010,1.080320,0
20160104 120000,1.080270,1.080320,1.080100,1.080130,0
20160104 120100,1.080160,1.080190,1.080000,1.080050,0
20160104 120200,1.080030,1.080310,1.080030,1.080290,0
20160104 120300,1.080300,1.080410,1.080300,1.080320,0
20160104 120400,1.080320,1.080320,1.080000,1.080060,0
20160104 120500,1.080080,1.080350,1.080040,1.080330,0
20160104 120600,1.080340,1.080420,1.080270,1.080390,0
20160104 120700,1.080380,1.080420,1.080130,1.080160,0
20160104 120800,1.080160,1.080200,1.080090,1.080170,0
20160104 120900,1.080180,1.080350,1.080130,1.080350,0
20160104 121000,1.080360,1.080690,1.080360,1.080640,0
20160104 121100,1.080650,1.080650,1.080510,1.080610,0
20160104 121200,1.080600,1.080620,1.080470,1.080510,0
20160104 121300,1.080500,1.080510,1.080340,1.080460,0
20160104 121400,1.080450,1.080460,1.080350,1.080380,0
20160104 121500,1.080390,1.080420,1.080360,1.080410,0
20160104 121600,1.080420,1.080690,1.080410,1.080690,0
20160104 121700,1.080680,1.080790,1.080680,1.080790,0
20160104 121800,1.080760,1.080970,1.080720,1.080950,0
20160104 121900,1.080940,1.081090,1.080940,1.081050,0
20160104 122000,1.081060,1.081060,1.080950,1.080950,0
20160104 122100,1.080940,1.081100,1.080900,1.081100,0
20160104 122200,1.081090,1.081250,1.081080,1.081230,0
20160104 122300,1.081250,1.081250,1.081080,1.081090,0
20160104 122400,1.081100,1.081440,1.081090,1.081430,0
20160104 122500,1.081420,1.081590,1.081400,1.081550,0
20160104 122600,1.081570,1.081590,1.081400,1.081410,0
20160104 122700,1.081410,1.081580,1.081410,1.081560,0
20160104 122800,1.081560,1.081560,1.081390,1.081440,0
20160104 122900,1.081440,1.081550,1.081230,1.081390,0
20160104 123000,1.081380,1.081570,1.081370,1.081550,0
20160104 123100,1.081550,1.081690,1.081500,1.081510,0
20160104 123200,1.081520,1.081670,1.081500,1.081600,0
20160104 123300,1.081610,1.081810,1.081580,1.081610,0
20160104 123400,1.081600,1.081740,1.081600,1.081720,0
20160104 123500,1.081750,1.081760,1.081650,1.081650,0
20160104 123600,1.081660,1.081680,1.081590,1.081600,0
20160104 123700,1.081660,1.081690,1.081610,1.081630,0
20160104 123800,1.081650,1.081680,1.081580,1.081630,0
20160104 123900,1.081610,1.081610,1.081450,1.081450,0
20160104 124000,1.081430,1.081520,1.081340,1.081480,0
20160104 124100,1.081470,1.081510,1.081400,1.081410,0
20160104 124200,1.081400,1.081400,1.081300,1.081310,0
20160104 124300,1.081300,1.081380,1.081280,1.081300,0
20160104 124400,1.081310,1.081350,1.081150,1.081190,0
20160104 124500,1.081190,1.081290,1.080880,1.080880,0
20160104 124600,1.080960,1.081280,1.080900,1.081260,0
20160104 124700,1.081250,1.081310,1.081230,1.081310,0
20160104 124800,1.081300,1.081320,1.081270,1.081300,0
20160104 124900,1.081310,1.081600,1.081300,1.081470,0
20160104 125000,1.081470,1.081490,1.081360,1.081490,0
20160104 125100,1.081490,1.081820,1.081490,1.081800,0
20160104 125200,1.081800,1.081980,1.081730,1.081980,0
20160104 125300,1.081970,1.082000,1.081940,1.081960,0
20160104 125400,1.081950,1.081950,1.081780,1.081780,0
20160104 125500,1.081770,1.082180,1.081760,1.082140,0
20160104 125600,1.082150,1.082270,1.081970,1.082210,0
20160104 125700,1.082220,1.082320,1.082110,1.082110,0
20160104 125800,1.082100,1.082250,1.081960,1.081990,0
20160104 125900,1.081990,1.082090,1.081690,1.081780,0
20160104 130000,1.081790,1.082110,1.081790,1.081910,0
20160104 130100,1.081900,1.081900,1.081680,1.081750,0
20160104 130200,1.081740,1.081740,1.081550,1.081550,0
20160104 130300,1.081550,1.081600,1.081450,1.081600,0
20160104 130400,1.081590,1.081590,1.081410,1.081530,0
20160104 130500,1.081530,1.081610,1.081490,1.081540,0
20160104 130600,1.081560,1.081660,1.081560,1.081620,0
20160104 130700,1.081610,1.081610,1.081480,1.081500,0
20160104 130800,1.081500,1.081610,1.081410,1.081610,0
20160104 130900,1.081600,1.081620,1.081410,1.081410,0
20160104 131000,1.081450,1.081540,1.081410,1.081430,0
20160104 131100,1.081450,1.081490,1.081250,1.081290,0
20160104 131200,1.081350,1.081510,1.081300,1.081500,0
20160104 131300,1.081510,1.081510,1.081420,1.081510,0
20160104 131400,1.081520,1.081800,1.081520,1.081790,0
20160104 131500,1.081790,1.081820,1.081770,1.081800,0
20160104 131600,1.081800,1.081800,1.081600,1.081670,0
20160104 131700,1.081660,1.081980,1.081650,1.081780,0
20160104 131800,1.081770,1.081790,1.081730,1.081770,0
20160104 131900,1.081770,1.081990,1.081770,1.081910,0
20160104 132000,1.081900,1.081900,1.081800,1.081870,0
20160104 132100,1.081880,1.082010,1.081880,1.082000,0
20160104 132200,1.081990,1.082080,1.081950,1.081960,0
20160104 132300,1.081950,1.081950,1.081860,1.081870,0
20160104 132400,1.081870,1.081870,1.081790,1.081790,0
20160104 132500,1.081790,1.081890,1.081790,1.081840,0
20160104 132600,1.081850,1.081870,1.081750,1.081760,0
20160104 132700,1.081750,1.081760,1.081680,1.081700,0
20160104 132800,1.081700,1.081700,1.081530,1.081570,0
20160104 132900,1.081580,1.081600,1.081460,1.081580,0
20160104 133000,1.081590,1.081700,1.081560,1.081700,0
20160104 133100,1.081700,1.081790,1.081700,1.081770,0
20160104 133200,1.081760,1.081770,1.081560,1.081570,0
20160104 133300,1.081610,1.082110,1.081590,1.082090,0
20160104 133400,1.082110,1.082200,1.081870,1.081890,0
20160104 133500,1.081900,1.082010,1.081870,1.081870,0
20160104 133600,1.081880,1.082140,1.081880,1.082110,0
20160104 133700,1.082110,1.082130,1.082100,1.082120,0
20160104 133800,1.082110,1.082120,1.082070,1.082080,0
20160104 133900,1.082090,1.082200,1.082050,1.082140,0
20160104 134000,1.082170,1.082360,1.082140,1.082350,0
20160104 134100,1.082360,1.082460,1.082350,1.082390,0
20160104 134200,1.082370,1.082380,1.082280,1.082280,0
20160104 134300,1.082300,1.082320,1.082250,1.082270,0
20160104 134400,1.082280,1.082350,1.082220,1.082260,0
20160104 134500,1.082260,1.082260,1.082040,1.082140,0
20160104 134600,1.082090,1.082140,1.081960,1.082050,0
20160104 134700,1.082060,1.082160,1.082040,1.082070,0
20160104 134800,1.082060,1.082160,1.081990,1.082160,0
20160104 134900,1.082160,1.082270,1.082160,1.082170,0
20160104 135000,1.082160,1.082160,1.081880,1.081950,0
20160104 135100,1.081950,1.081980,1.081850,1.081980,0
20160104 135200,1.081990,1.082110,1.081960,1.082100,0
20160104 135300,1.082110,1.082230,1.082080,1.082110,0
20160104 135400,1.082140,1.082170,1.082060,1.082150,0
20160104 135500,1.082150,1.082150,1.082040,1.082050,0
20160104 135600,1.082050,1.082310,1.082050,1.082100,0
20160104 135700,1.082110,1.082200,1.081990,1.082190,0
20160104 135800,1.082200,1.082260,1.082190,1.082240,0
20160104 135900,1.082240,1.082240,1.082080,1.082190,0
20160104 140000,1.082210,1.082270,1.082150,1.082160,0
20160104 140100,1.082170,1.082250,1.082160,1.082230,0
20160104 140200,1.082210,1.082210,1.082090,1.082110,0
20160104 140300,1.082100,1.082100,1.081970,1.082010,0
20160104 140400,1.081990,1.082060,1.081970,1.082000,0
20160104 140500,1.082010,1.082100,1.081970,1.082100,0
20160104 140600,1.082170,1.082170,1.082070,1.082110,0
20160104 140700,1.082080,1.082290,1.082080,1.082290,0
20160104 140800,1.082290,1.082350,1.082100,1.082180,0
20160104 140900,1.082190,1.082410,1.082170,1.082300,0
20160104 141000,1.082280,1.082450,1.082280,1.082380,0
20160104 141100,1.082380,1.082410,1.082250,1.082290,0
20160104 141200,1.082290,1.082370,1.082290,1.082350,0
20160104 141300,1.082350,1.082370,1.082260,1.082280,0
20160104 141400,1.082270,1.082290,1.082140,1.082190,0
20160104 141500,1.082180,1.082190,1.082150,1.082160,0
20160104 141600,1.082170,1.082290,1.082160,1.082200,0
20160104 141700,1.082210,1.082270,1.082100,1.082100,0
20160104 141800,1.082100,1.082100,1.082050,1.082060,0
20160104 141900,1.082050,1.082070,1.081880,1.081890,0
20160104 142000,1.081890,1.081920,1.081870,1.081880,0
20160104 142100,1.081890,1.082070,1.081890,1.081900,0
20160104 142200,1.081890,1.081900,1.081770,1.081790,0
20160104 142300,1.081780,1.081920,1.081760,1.081760,0
20160104 142400,1.081750,1.081780,1.081750,1.081770,0
20160104 142500,1.081780,1.081780,1.081560,1.081580,0
20160104 142600,1.081580,1.081600,1.081570,1.081590,0
20160104 142700,1.081590,1.081770,1.081580,1.081770,0
20160104 142800,1.081770,1.081810,1.081680,1.081810,0
20160104 142900,1.081800,1.082010,1.081780,1.082010,0
20160104 143000,1.082000,1.082150,1.081980,1.082080,0
20160104 143100,1.082020,1.082310,1.082010,1.082310,0
20160104 143200,1.082330,1.082430,1.082300,1.082320,0
20160104 143300,1.082330,1.082520,1.082310,1.082500,0
20160104 143400,1.082490,1.082500,1.082340,1.082500,0
20160104 143500,1.082480,1.082480,1.082210,1.082210,0
20160104 143600,1.082220,1.082390,1.082210,1.082320,0
20160104 143700,1.082320,1.082510,1.082300,1.082320,0
20160104 143800,1.082320,1.082330,1.082320,1.082320,0
20160104 143900,1.082310,1.082500,1.082310,1.082410,0
20160104 144000,1.082410,1.082420,1.082310,1.082310,0
20160104 144100,1.082310,1.082310,1.082230,1.082230,0
20160104 144200,1.082230,1.082310,1.082200,1.082310,0
20160104 144300,1.082320,1.082520,1.082320,1.082520,0
20160104 144400,1.082520,1.082520,1.082470,1.082470,0
20160104 144500,1.082480,1.082490,1.082310,1.082390,0
20160104 144600,1.082390,1.082410,1.082320,1.082410,0
20160104 144700,1.082430,1.082480,1.082390,1.082430,0
20160104 144800,1.082430,1.082430,1.082280,1.082420,0
20160104 144900,1.082440,1.082630,1.082440,1.082520,0
20160104 145000,1.082500,1.082630,1.082500,1.082620,0
20160104 145100,1.082630,1.082650,1.082360,1.082390,0
20160104 145200,1.082390,1.082490,1.082270,1.082280,0
20160104 145300,1.082270,1.082470,1.082270,1.082470,0
20160104 145400,1.082460,1.082580,1.082450,1.082580,0
20160104 145500,1.082580,1.082760,1.082550,1.082740,0
20160104 145600,1.082730,1.082740,1.082650,1.082690,0
20160104 145700,1.082680,1.082770,1.082590,1.082720,0
20160104 145800,1.082710,1.082800,1.082580,1.082800,0
20160104 145900,1.082800,1.082800,1.082610,1.082750,0
20160104 150000,1.082750,1.082770,1.082610,1.082760,0
20160104 150100,1.082750,1.082750,1.082650,1.082680,0
20160104 150200,1.082700,1.082910,1.082700,1.082860,0
20160104 150300,1.082870,1.083420,1.082860,1.083290,0
20160104 150400,1.083270,1.083280,1.083140,1.083160,0
20160104 150500,1.083150,1.083160,1.083050,1.083050,0
20160104 150600,1.083060,1.083090,1.082870,1.083090,0
20160104 150700,1.083080,1.083270,1.083050,1.083260,0
20160104 150800,1.083250,1.083250,1.082890,1.083020,0
20160104 150900,1.083070,1.083270,1.083070,1.083270,0
20160104 151000,1.083280,1.083290,1.083170,1.083170,0
20160104 151100,1.083170,1.083300,1.083170,1.083280,0
20160104 151200,1.083260,1.083400,1.083260,1.083380,0
20160104 151300,1.083390,1.083680,1.083380,1.083410,0
20160104 151400,1.083400,1.083400,1.083260,1.083390,0
20160104 151500,1.083400,1.083400,1.083110,1.083300,0
20160104 151600,1.083280,1.083360,1.083160,1.083270,0
20160104 151700,1.083270,1.083370,1.083270,1.083310,0
20160104 151800,1.083300,1.083370,1.083160,1.083160,0
20160104 151900,1.083160,1.083160,1.083080,1.083080,0
20160104 152000,1.083100,1.083210,1.083080,1.083210,0
20160104 152100,1.083220,1.083380,1.083170,1.083190,0
20160104 152200,1.083200,1.083200,1.083040,1.083040,0
20160104 152300,1.083050,1.083270,1.083050,1.083170,0
20160104 152400,1.083180,1.083470,1.083170,1.083380,0
20160104 152500,1.083430,1.083450,1.083250,1.083250,0
20160104 152600,1.083250,1.083530,1.083250,1.083370,0
20160104 152700,1.083370,1.083380,1.083150,1.083270,0
20160104 152800,1.083270,1.083340,1.083070,1.083070,0
20160104 152900,1.083070,1.083110,1.083000,1.083030,0
20160104 153000,1.083030,1.083060,1.082900,1.082900,0
20160104 153100,1.082930,1.083020,1.082930,1.083000,0
20160104 153200,1.083000,1.083080,1.082930,1.083060,0
20160104 153300,1.083070,1.083270,1.083050,1.083200,0
20160104 153400,1.083180,1.083330,1.083150,1.083320,0
20160104 153500,1.083320,1.083370,1.083150,1.083370,0
20160104 153600,1.083370,1.083410,1.083100,1.083140,0
20160104 153700,1.083090,1.083110,1.082700,1.082990,0
20160104 153800,1.082990,1.083030,1.082850,1.082970,0
20160104 153900,1.082980,1.083030,1.082900,1.082900,0
20160104 154000,1.082890,1.083110,1.082790,1.083070,0
20160104 154100,1.083060,1.083080,1.083050,1.083070,0
20160104 154200,1.083060,1.083310,1.083020,1.083220,0
20160104 154300,1.083240,1.083260,1.083210,1.083220,0
20160104 154400,1.083210,1.083220,1.083100,1.083120,0
20160104 154500,1.083110,1.083230,1.083080,1.083120,0
20160104 154600,1.083140,1.083280,1.083110,1.083240,0
20160104 154700,1.083250,1.083280,1.083120,1.083120,0
20160104 154800,1.083110,1.083310,1.083100,1.083170,0
20160104 154900,1.083170,1.083190,1.082980,1.083060,0
20160104 155000,1.083060,1.083060,1.082800,1.082800,0
20160104 155100,1.082790,1.082870,1.082640,1.082720,0
20160104 155200,1.082740,1.082790,1.082660,1.082740,0
20160104 155300,1.082740,1.082790,1.082660,1.082790,0
20160104 155400,1.082780,1.082810,1.082760,1.082800,0
20160104 155500,1.082790,1.082980,1.082700,1.082900,0
20160104 155600,1.082900,1.082930,1.082790,1.082880,0
20160104 155700,1.082890,1.083060,1.082870,1.082990,0
20160104 155800,1.082970,1.083000,1.082910,1.082930,0
20160104 155900,1.082920,1.082940,1.082870,1.082900,0
20160104 160000,1.082900,1.082990,1.082900,1.082910,0
20160104 160100,1.082900,1.082990,1.082870,1.082990,0
20160104 160200,1.082990,1.083180,1.082980,1.083160,0
20160104 160300,1.083160,1.083160,1.083040,1.083110,0
20160104 160400,1.083100,1.083120,1.083080,1.083100,0
20160104 160500,1.083090,1.083120,1.083070,1.083110,0
20160104 160600,1.083130,1.083160,1.083130,1.083150,0
20160104 160700,1.083150,1.083160,1.083080,1.083100,0
20160104 160800,1.083090,1.083170,1.083090,1.083160,0
20160104 160900,1.083160,1.083180,1.083150,1.083170,0
20160104 161000,1.083180,1.083180,1.083130,1.083140,0
20160104 161100,1.083120,1.083150,1.083110,1.083150,0
20160104 161200,1.083150,1.083270,1.083150,1.083260,0
20160104 161300,1.083260,1.083320,1.083230,1.083310,0
20160104 161400,1.083320,1.083320,1.083280,1.083290,0
20160104 161500,1.083280,1.083320,1.083280,1.083290,0
20160104 161600,1.083300,1.083390,1.083280,1.083380,0
20160104 161700,1.083360,1.083390,1.083360,1.083390,0
20160104 161800,1.083390,1.083390,1.083380,1.083380,0
20160104 161900,1.083380,1.083390,1.083360,1.083360,0
20160104 162000,1.083360,1.083360,1.083360,1.083360,0
20160104 162100,1.083360,1.083370,1.083360,1.083370,0
20160104 162200,1.083370,1.083380,1.083370,1.083380,0
20160104 162300,1.083380,1.083380,1.083370,1.083370,0
20160104 162400,1.083370,1.083450,1.083360,1.083430,0
20160104 162500,1.083440,1.083450,1.083400,1.083400,0
20160104 162600,1.083390,1.083390,1.083330,1.083340,0
20160104 162700,1.083340,1.083340,1.083150,1.083160,0
20160104 162800,1.083150,1.083160,1.083040,1.083060,0
20160104 162900,1.083080,1.083110,1.083070,1.083080,0
20160104 163000,1.083090,1.083110,1.083080,1.083100,0
20160104 163100,1.083120,1.083180,1.083120,1.083180,0
20160104 163200,1.083170,1.083220,1.083170,1.083210,0
20160104 163300,1.083200,1.083210,1.083200,1.083210,0
20160104 163400,1.083200,1.083220,1.083190,1.083190,0
20160104 163500,1.083200,1.083270,1.083200,1.083260,0
20160104 163600,1.083270,1.083570,1.083270,1.083570,0
20160104 163700,1.083540,1.083570,1.083460,1.083460,0
20160104 163800,1.083470,1.083470,1.083460,1.083470,0
20160104 163900,1.083480,1.083510,1.083350,1.083350,0
20160104 164000,1.083310,1.083320,1.083120,1.083120,0
20160104 164100,1.083110,1.083140,1.083110,1.083120,0
20160104 164200,1.083120,1.083270,1.083120,1.083230,0
20160104 164300,1.083360,1.083490,1.083260,1.083480,0
20160104 164400,1.083470,1.083670,1.083420,1.083640,0
20160104 164500,1.083630,1.083680,1.083420,1.083490,0
20160104 164600,1.083490,1.083490,1.083460,1.083490,0
20160104 164700,1.083460,1.083490,1.083390,1.083440,0
20160104 164800,1.083460,1.083510,1.083440,1.083510,0
20160104 164900,1.083500,1.083520,1.083500,1.083510,0
20160104 165000,1.083500,1.083540,1.083500,1.083540,0
20160104 165100,1.083540,1.083540,1.083460,1.083470,0
20160104 165200,1.083470,1.083500,1.083370,1.083390,0
20160104 165300,1.083380,1.083450,1.083380,1.083450,0
20160104 165400,1.083440,1.083440,1.083310,1.083310,0
20160104 165500,1.083300,1.083310,1.083290,1.083290,0
20160104 165600,1.083300,1.083300,1.083180,1.083190,0
20160104 165700,1.083180,1.083220,1.083170,1.083210,0
20160104 165800,1.083210,1.083220,1.083180,1.083210,0
20160104 165900,1.083210,1.083220,1.082920,1.082960,0
20160104 170000,1.082850,1.082850,1.082820,1.082830,0
20160104 170100,1.082840,1.083100,1.082840,1.083100,0
20160104 170300,1.083090,1.083100,1.083090,1.083100,0
20160104 170400,1.083100,1.083100,1.083040,1.083040,0
20160104 170500,1.083100,1.083100,1.082900,1.083000,0
20160104 170600,1.083000,1.083050,1.082930,1.082930,0
20160104 170700,1.082860,1.083020,1.082860,1.083010,0
20160104 170800,1.083010,1.083040,1.082900,1.083030,0
20160104 170900,1.083030,1.083080,1.083030,1.083080,0
20160104 171000,1.083080,1.083130,1.083040,1.083090,0
20160104 171100,1.083100,1.083140,1.083030,1.083140,0
20160104 171200,1.083110,1.083220,1.083070,1.083150,0
20160104 171300,1.083150,1.083270,1.083150,1.083270,0
20160104 171400,1.083280,1.083280,1.083250,1.083260,0
20160104 171500,1.083260,1.083260,1.083080,1.083080,0
20160104 171600,1.083040,1.083140,1.083030,1.083070,0
20160104 171700,1.083060,1.083060,1.083060,1.083060,0
20160104 171800,1.082980,1.083090,1.082970,1.083070,0
20160104 171900,1.083070,1.083070,1.083000,1.083040,0
20160104 172000,1.083020,1.083040,1.082970,1.082970,0
20160104 172100,1.082990,1.083040,1.082940,1.082980,0
20160104 172200,1.082990,1.082990,1.082700,1.082850,0
20160104 172300,1.082850,1.082900,1.082800,1.082890,0
20160104 172400,1.082890,1.083060,1.082830,1.083060,0
20160104 172500,1.083060,1.083080,1.083050,1.083050,0
20160104 172600,1.083050,1.083140,1.082790,1.083090,0
20160104 172700,1.083070,1.083190,1.083060,1.083160,0
20160104 172800,1.083150,1.083230,1.083140,1.083170,0
20160104 172900,1.083190,1.083230,1.082910,1.082910,0
20160104 173000,1.082920,1.083030,1.082890,1.082920,0
20160104 173100,1.082930,1.082930,1.082900,1.082910,0
20160104 173200,1.082910,1.082910,1.082870,1.082880,0
20160104 173300,1.082890,1.082890,1.082740,1.082740,0
20160104 173400,1.082740,1.082740,1.082740,1.082740,0
20160104 173500,1.082740,1.082780,1.082720,1.082770,0
20160104 173600,1.082790,1.082790,1.082740,1.082770,0
20160104 173700,1.082810,1.082810,1.082780,1.082800,0
20160104 173800,1.082800,1.082830,1.082750,1.082830,0
20160104 173900,1.082750,1.082830,1.082750,1.082830,0
20160104 174000,1.082830,1.082830,1.082820,1.082830,0
20160104 174100,1.082810,1.083030,1.082810,1.083030,0
20160104 174200,1.082950,1.083080,1.082950,1.083080,0
20160104 174300,1.083070,1.083100,1.083050,1.083050,0
20160104 174400,1.083050,1.083050,1.083030,1.083040,0
20160104 174500,1.083050,1.083080,1.083030,1.083080,0
20160104 174600,1.083100,1.083150,1.083000,1.083030,0
20160104 174700,1.083020,1.083030,1.082980,1.083030,0
20160104 174800,1.083020,1.083150,1.082980,1.083000,0
20160104 174900,1.083070,1.083150,1.083000,1.083150,0
20160104 175000,1.082960,1.083150,1.082960,1.083020,0
20160104 175100,1.083020,1.083020,1.082990,1.082990,0
20160104 175200,1.082980,1.083030,1.082980,1.083020,0
20160104 175300,1.083020,1.083020,1.083020,1.083020,0
20160104 175400,1.082990,1.082990,1.082970,1.082980,0
20160104 175500,1.082980,1.082980,1.082930,1.082980,0
20160104 175600,1.082980,1.082990,1.082980,1.082980,0
20160104 175700,1.082980,1.083000,1.082960,1.083000,0
20160104 175800,1.082990,1.083000,1.082980,1.082980,0
20160104 175900,1.082980,1.082980,1.082840,1.082850,0
20160104 180000,1.082820,1.082840,1.082690,1.082730,0
20160104 180100,1.082730,1.082760,1.082730,1.082760,0
20160104 180200,1.082750,1.082760,1.082580,1.082580,0
20160104 180300,1.082590,1.082690,1.082590,1.082640,0
20160104 180400,1.082600,1.082660,1.082600,1.082620,0
20160104 180500,1.082630,1.082640,1.082600,1.082600,0
20160104 180600,1.082610,1.082700,1.082610,1.082700,0
20160104 180700,1.082690,1.082780,1.082680,1.082760,0
20160104 180800,1.082760,1.082760,1.082680,1.082720,0
20160104 180900,1.082720,1.082730,1.082710,1.082720,0
20160104 181000,1.082700,1.082700,1.082670,1.082700,0
20160104 181100,1.082690,1.082800,1.082670,1.082760,0
20160104 181200,1.082750,1.082760,1.082660,1.082660,0
20160104 181300,1.082650,1.082770,1.082650,1.082700,0
20160104 181400,1.082710,1.082710,1.082680,1.082690,0
20160104 181500,1.082750,1.082750,1.082660,1.082660,0
20160104 181600,1.082670,1.082720,1.082590,1.082690,0
20160104 181700,1.082670,1.082690,1.082670,1.082680,0
20160104 181800,1.082680,1.082690,1.082670,1.082680,0
20160104 181900,1.082680,1.082680,1.082610,1.082680,0
20160104 182000,1.082670,1.082710,1.082670,1.082710,0
20160104 182100,1.082670,1.082740,1.082670,1.082710,0
20160104 182200,1.082700,1.082710,1.082700,1.082710,0
20160104 182300,1.082710,1.082810,1.082710,1.082810,0
20160104 182400,1.082800,1.082830,1.082800,1.082820,0
20160104 182500,1.082830,1.082840,1.082830,1.082830,0
20160104 182600,1.082830,1.082860,1.082830,1.082850,0
20160104 182700,1.082840,1.082870,1.082820,1.082820,0
20160104 182800,1.082820,1.082890,1.082810,1.082880,0
20160104 182900,1.082870,1.082900,1.082870,1.082880,0
20160104 183000,1.082880,1.082920,1.082860,1.082870,0
20160104 183100,1.082860,1.082910,1.082840,1.082910,0
20160104 183200,1.082920,1.082920,1.082910,1.082910,0
20160104 183300,1.082900,1.082930,1.082870,1.082920,0
20160104 183400,1.082910,1.082920,1.082850,1.082910,0
20160104 183500,1.082880,1.082880,1.082840,1.082840,0
20160104 183600,1.082820,1.082820,1.082770,1.082790,0
20160104 183700,1.082780,1.082870,1.082780,1.082840,0
20160104 183800,1.082810,1.082810,1.082670,1.082710,0
20160104 183900,1.082720,1.082720,1.082520,1.082550,0
20160104 184000,1.082540,1.082570,1.082540,1.082570,0
20160104 184100,1.082560,1.082560,1.082460,1.082490,0
20160104 184200,1.082510,1.082520,1.082480,1.082500,0
20160104 184300,1.082490,1.082610,1.082490,1.082520,0
20160104 184400,1.082510,1.082520,1.082470,1.082490,0
20160104 184500,1.082490,1.082570,1.082490,1.082530,0
20160104 184600,1.082520,1.082570,1.082520,1.082550,0
20160104 184700,1.082540,1.082550,1.082410,1.082440,0
20160104 184800,1.082470,1.082540,1.082430,1.082540,0
20160104 184900,1.082540,1.082540,1.082520,1.082540,0
20160104 185000,1.082530,1.082530,1.082510,1.082510,0
20160104 185100,1.082510,1.082620,1.082510,1.082610,0
20160104 185200,1.082610,1.082660,1.082610,1.082660,0
20160104 185300,1.082650,1.082650,1.082600,1.082640,0
20160104 185400,1.082640,1.082660,1.082640,1.082660,0
20160104 185500,1.082660,1.082760,1.082640,1.082650,0
20160104 185600,1.082640,1.082660,1.082630,1.082660,0
20160104 185700,1.082650,1.082650,1.082400,1.082400,0
20160104 185800,1.082440,1.082460,1.082340,1.082340,0
20160104 185900,1.082350,1.082450,1.082350,1.082390,0
20160104 190000,1.082380,1.082410,1.082160,1.082160,0
20160104 190100,1.082170,1.082180,1.081800,1.081800,0
20160104 190200,1.081810,1.081900,1.081780,1.081870,0
20160104 190300,1.081870,1.081910,1.081860,1.081910,0
20160104 190400,1.081890,1.081930,1.081850,1.081880,0
20160104 190500,1.081890,1.082110,1.081880,1.082110,0
20160104 190600,1.082090,1.082160,1.082090,1.082160,0
20160104 190700,1.082240,1.082500,1.082240,1.082390,0
20160104 190800,1.082400,1.082400,1.082210,1.082210,0
20160104 190900,1.082240,1.082290,1.082210,1.082280,0
20160104 191000,1.082320,1.082600,1.082320,1.082600,0
20160104 191100,1.082620,1.082620,1.082410,1.082430,0
20160104 191200,1.082410,1.082410,1.082370,1.082380,0
20160104 191300,1.082380,1.082380,1.082240,1.082300,0
20160104 191400,1.082310,1.082460,1.082310,1.082440,0
20160104 191500,1.082450,1.082450,1.082350,1.082380,0
20160104 191600,1.082390,1.082460,1.082390,1.082440,0
20160104 191700,1.082430,1.082450,1.082360,1.082420,0
20160104 191800,1.082420,1.082420,1.082410,1.082410,0
20160104 191900,1.082400,1.082420,1.082400,1.082420,0
20160104 192000,1.082440,1.082540,1.082420,1.082520,0
20160104 192100,1.082520,1.082680,1.082520,1.082670,0
20160104 192200,1.082680,1.082690,1.082590,1.082600,0
20160104 192300,1.082600,1.082600,1.082500,1.082510,0
20160104 192400,1.082500,1.082660,1.082490,1.082650,0
20160104 192500,1.082660,1.082720,1.082660,1.082700,0
20160104 192600,1.082700,1.082700,1.082680,1.082680,0
20160104 192700,1.082680,1.082680,1.082600,1.082610,0
20160104 192800,1.082610,1.082610,1.082510,1.082540,0
20160104 192900,1.082520,1.082560,1.082460,1.082510,0
20160104 193000,1.082520,1.082520,1.082500,1.082510,0
20160104 193100,1.082500,1.082510,1.082480,1.082480,0
20160104 193200,1.082500,1.082500,1.082500,1.082500,0
20160104 193300,1.082490,1.082490,1.082330,1.082410,0
20160104 193400,1.082420,1.082430,1.082400,1.082420,0
20160104 193500,1.082410,1.082450,1.082390,1.082390,0
20160104 193600,1.082400,1.082420,1.082400,1.082410,0
20160104 193700,1.082400,1.082410,1.082390,1.082410,0
20160104 193800,1.082410,1.082410,1.082340,1.082360,0
20160104 193900,1.082370,1.082380,1.082360,1.082380,0
20160104 194000,1.082390,1.082470,1.082390,1.082460,0
20160104 194100,1.082470,1.082480,1.082440,1.082470,0
20160104 194200,1.082460,1.082460,1.082440,1.082440,0
20160104 194300,1.082440,1.082500,1.082440,1.082500,0
20160104 194400,1.082510,1.082730,1.082510,1.082710,0
20160104 194500,1.082720,1.082900,1.082720,1.082780,0
20160104 194600,1.082770,1.082770,1.082660,1.082680,0
20160104 194700,1.082680,1.082680,1.082610,1.082610,0
20160104 194800,1.082640,1.082770,1.082640,1.082770,0
20160104 194900,1.082780,1.082890,1.082770,1.082870,0
20160104 195000,1.082860,1.083000,1.082860,1.082980,0
20160104 195100,1.082970,1.083010,1.082940,1.082990,0
20160104 195200,1.083000,1.083080,1.082950,1.083060,0
20160104 195300,1.083060,1.083280,1.083050,1.083280,0
20160104 195400,1.083260,1.083280,1.083150,1.083200,0
20160104 195500,1.083190,1.083490,1.083100,1.083450,0
20160104 195600,1.083420,1.083420,1.083080,1.083320,0
20160104 195700,1.083290,1.083350,1.083280,1.083300,0
20160104 195800,1.083290,1.083310,1.083160,1.083160,0
20160104 195900,1.083150,1.083170,1.083100,1.083150,0
20160104 200000,1.083140,1.083230,1.083110,1.083110,0
20160104 200100,1.083110,1.083370,1.083100,1.083320,0
20160104 200200,1.083340,1.083360,1.083100,1.083100,0
20160104 200300,1.083090,1.083480,1.083080,1.083470,0
20160104 200400,1.083460,1.083740,1.083460,1.083620,0
20160104 200500,1.083570,1.083620,1.083400,1.083400,0
20160104 200600,1.083390,1.083390,1.083360,1.083390,0
20160104 200700,1.083370,1.083410,1.083320,1.083410,0
20160104 200800,1.083470,1.083770,1.083460,1.083700,0
20160104 200900,1.083700,1.083750,1.083550,1.083580,0
20160104 201000,1.083590,1.083630,1.083590,1.083610,0
20160104 201100,1.083600,1.083600,1.083370,1.083390,0
20160104 201200,1.083400,1.083650,1.083400,1.083580,0
20160104 201300,1.083560,1.083660,1.083500,1.083650,0
20160104 201400,1.083670,1.083680,1.083580,1.083600,0
20160104 201500,1.083600,1.083800,1.083550,1.083710,0
20160104 201600,1.083720,1.083740,1.083420,1.083440,0
20160104 201700,1.083430,1.083480,1.083220,1.083450,0
20160104 201800,1.083450,1.083570,1.083370,1.083440,0
20160104 201900,1.083470,1.083470,1.082840,1.082880,0
20160104 202000,1.082890,1.083030,1.082860,1.083020,0
20160104 202100,1.083020,1.083050,1.082870,1.083030,0
20160104 202200,1.083030,1.083100,1.082940,1.083100,0
20160104 202300,1.083120,1.083150,1.082970,1.083000,0
20160104 202400,1.083080,1.083520,1.083080,1.083520,0
20160104 202500,1.083530,1.083600,1.083510,1.083540,0
20160104 202600,1.083560,1.083880,1.083560,1.083800,0
20160104 202700,1.083830,1.083830,1.083660,1.083680,0
20160104 202800,1.083690,1.083760,1.083590,1.083680,0
20160104 202900,1.083680,1.083680,1.083470,1.083480,0
20160104 203000,1.083490,1.083490,1.083350,1.083460,0
20160104 203100,1.083440,1.083440,1.083300,1.083390,0
20160104 203200,1.083390,1.083390,1.083370,1.083370,0
20160104 203300,1.083360,1.083460,1.083310,1.083440,0
20160104 203400,1.083440,1.083440,1.083070,1.083070,0
20160104 203500,1.083080,1.083220,1.083040,1.083040,0
20160104 203600,1.083050,1.083120,1.082640,1.082660,0
20160104 203700,1.082660,1.082680,1.082590,1.082640,0
20160104 203800,1.082650,1.082690,1.082590,1.082590,0
20160104 203900,1.082590,1.082770,1.082470,1.082750,0
20160104 204000,1.082740,1.082760,1.082550,1.082750,0
20160104 204100,1.082760,1.082990,1.082700,1.082980,0
20160104 204200,1.082990,1.083090,1.082900,1.083090,0
20160104 204300,1.083080,1.083080,1.082980,1.082980,0
20160104 204400,1.082980,1.083030,1.082870,1.082900,0
20160104 204500,1.082900,1.083070,1.082810,1.082820,0
20160104 204600,1.082790,1.083030,1.082770,1.082980,0
20160104 204700,1.082980,1.082980,1.082810,1.082830,0
20160104 204800,1.082820,1.082820,1.082210,1.082360,0
20160104 204900,1.082350,1.082510,1.082260,1.082400,0
20160104 205000,1.082400,1.082460,1.082270,1.082420,0
20160104 205100,1.082410,1.082490,1.082310,1.082400,0
20160104 205200,1.082400,1.082510,1.082370,1.082490,0
20160104 205300,1.082480,1.082620,1.082480,1.082620,0
20160104 205400,1.082660,1.082740,1.082610,1.082710,0
20160104 205500,1.082720,1.082800,1.082710,1.082800,0
20160104 205600,1.082800,1.082800,1.082720,1.082790,0
20160104 205700,1.082770,1.082770,1.082500,1.082520,0
20160104 205800,1.082510,1.082510,1.082410,1.082420,0
20160104 205900,1.082440,1.082540,1.082430,1.082430,0
20160104 210000,1.082470,1.082550,1.082440,1.082510,0
20160104 210100,1.082510,1.082540,1.082440,1.082460,0
20160104 210200,1.082450,1.082450,1.082430,1.082450,0
20160104 210300,1.082450,1.082770,1.082440,1.082760,0
20160104 210400,1.082760,1.082860,1.082700,1.082790,0
20160104 210500,1.082770,1.082770,1.082540,1.082560,0
20160104 210600,1.082570,1.082670,1.082550,1.082660,0
20160104 210700,1.082690,1.082780,1.082680,1.082680,0
20160104 210800,1.082690,1.082830,1.082690,1.082790,0
20160104 210900,1.082790,1.082810,1.082660,1.082670,0
20160104 211000,1.082660,1.082660,1.082550,1.082580,0
20160104 211100,1.082570,1.082700,1.082570,1.082670,0
20160104 211200,1.082660,1.082700,1.082540,1.082660,0
20160104 211300,1.082650,1.082660,1.082550,1.082620,0
20160104 211400,1.082620,1.082700,1.082570,1.082700,0
20160104 211500,1.082690,1.082710,1.082610,1.082650,0
20160104 211600,1.082650,1.082660,1.082480,1.082480,0
20160104 211700,1.082480,1.082540,1.082480,1.082510,0
20160104 211800,1.082510,1.082560,1.082500,1.082520,0
20160104 211900,1.082530,1.082550,1.082490,1.082510,0
20160104 212000,1.082510,1.082510,1.082490,1.082500,0
20160104 212100,1.082490,1.082490,1.082400,1.082460,0
20160104 212200,1.082450,1.082480,1.082440,1.082480,0
20160104 212300,1.082470,1.082620,1.082470,1.082610,0
20160104 212400,1.082620,1.082620,1.082460,1.082460,0
20160104 212500,1.082460,1.082490,1.082410,1.082480,0
20160104 212600,1.082470,1.082470,1.082360,1.082360,0
20160104 212700,1.082360,1.082490,1.082360,1.082490,0
20160104 212800,1.082490,1.082490,1.082390,1.082390,0
20160104 212900,1.082380,1.082390,1.082340,1.082360,0
20160104 213000,1.082350,1.082350,1.082070,1.082210,0
20160104 213100,1.082230,1.082300,1.082070,1.082090,0
20160104 213200,1.082080,1.082150,1.082010,1.082070,0
20160104 213300,1.082070,1.082070,1.081940,1.081950,0
20160104 213400,1.081950,1.082100,1.081950,1.082040,0
20160104 213500,1.082050,1.082070,1.082000,1.082050,0
20160104 213600,1.082050,1.082100,1.082010,1.082080,0
20160104 213700,1.082090,1.082120,1.082010,1.082100,0
20160104 213800,1.082080,1.082110,1.082020,1.082040,0
20160104 213900,1.082040,1.082180,1.082010,1.082080,0
20160104 214000,1.082080,1.082080,1.081590,1.081670,0
20160104 214100,1.081660,1.081720,1.081590,1.081710,0
20160104 214200,1.081710,1.081710,1.081660,1.081660,0
20160104 214300,1.081680,1.081750,1.081680,1.081730,0
20160104 214400,1.081730,1.081760,1.081700,1.081740,0
20160104 214500,1.081730,1.081750,1.081610,1.081630,0
20160104 214600,1.081600,1.081730,1.081560,1.081580,0
20160104 214700,1.081590,1.081630,1.081530,1.081600,0
20160104 214800,1.081600,1.081630,1.081570,1.081630,0
20160104 214900,1.081630,1.081670,1.081620,1.081640,0
20160104 215000,1.081650,1.081770,1.081620,1.081760,0
20160104 215100,1.081750,1.081770,1.081720,1.081770,0
20160104 215200,1.081760,1.081780,1.081730,1.081770,0
20160104 215300,1.081770,1.081780,1.081700,1.081740,0
20160104 215400,1.081760,1.081790,1.081750,1.081760,0
20160104 215500,1.081770,1.081780,1.081720,1.081780,0
20160104 215600,1.081790,1.081820,1.081730,1.081770,0
20160104 215700,1.081790,1.081790,1.081760,1.081770,0
20160104 215800,1.081770,1.081780,1.081660,1.081670,0
20160104 215900,1.081660,1.081690,1.081620,1.081680,0
20160104 220000,1.081670,1.081800,1.081670,1.081760,0
20160104 220100,1.081770,1.081930,1.081750,1.081900,0
20160104 220200,1.081920,1.081920,1.081840,1.081910,0
20160104 220300,1.081910,1.081930,1.081840,1.081920,0
20160104 220400,1.081930,1.081950,1.081870,1.081870,0
20160104 220500,1.081870,1.081870,1.081770,1.081800,0
20160104 220600,1.081780,1.081800,1.081600,1.081650,0
20160104 220700,1.081660,1.081690,1.081640,1.081660,0
20160104 220800,1.081650,1.081650,1.081610,1.081650,0
20160104 220900,1.081650,1.081700,1.081620,1.081700,0
20160104 221000,1.081710,1.081850,1.081700,1.081830,0
20160104 221100,1.081830,1.081830,1.081730,1.081730,0
20160104 221200,1.081720,1.081730,1.081640,1.081670,0
20160104 221300,1.081660,1.081670,1.081610,1.081620,0
20160104 221400,1.081630,1.081640,1.081610,1.081610,0
20160104 221500,1.081610,1.081610,1.081500,1.081510,0
20160104 221600,1.081500,1.081550,1.081500,1.081540,0
20160104 221700,1.081540,1.081560,1.081500,1.081520,0
20160104 221800,1.081500,1.081520,1.081500,1.081520,0
20160104 221900,1.081510,1.081550,1.081510,1.081550,0
20160104 222000,1.081540,1.081550,1.081530,1.081550,0
20160104 222100,1.081540,1.081600,1.081540,1.081600,0
20160104 222200,1.081610,1.081670,1.081610,1.081630,0
20160104 222300,1.081640,1.081640,1.081520,1.081530,0
20160104 222400,1.081530,1.081610,1.081520,1.081610,0
20160104 222500,1.081620,1.081920,1.081620,1.081920,0
20160104 222600,1.081920,1.081970,1.081920,1.081970,0
20160104 222700,1.081960,1.081980,1.081910,1.081910,0
20160104 222800,1.081920,1.082030,1.081900,1.081990,0
20160104 222900,1.081980,1.081990,1.081890,1.081890,0
20160104 223000,1.081890,1.081900,1.081820,1.081830,0
20160104 223100,1.081840,1.081920,1.081840,1.081910,0
20160104 223200,1.081910,1.081970,1.081860,1.081860,0
20160104 223300,1.081860,1.081870,1.081820,1.081820,0
20160104 223400,1.081830,1.081860,1.081800,1.081810,0
20160104 223500,1.081820,1.081860,1.081810,1.081850,0
20160104 223600,1.081840,1.081840,1.081810,1.081810,0
20160104 223700,1.081810,1.081860,1.081810,1.081850,0
20160104 223800,1.081830,1.081940,1.081810,1.081940,0
20160104 223900,1.081930,1.081950,1.081900,1.081900,0
20160104 224000,1.081900,1.081950,1.081900,1.081910,0
20160104 224100,1.081900,1.081920,1.081830,1.081920,0
20160104 224200,1.081910,1.081920,1.081900,1.081920,0
20160104 224300,1.081940,1.081970,1.081880,1.081910,0
20160104 224400,1.081900,1.081940,1.081710,1.081730,0
20160104 224500,1.081730,1.081770,1.081700,1.081720,0
20160104 224600,1.081720,1.081770,1.081720,1.081720,0
20160104 224700,1.081720,1.081780,1.081720,1.081770,0
20160104 224800,1.081760,1.081780,1.081720,1.081720,0
20160104 224900,1.081730,1.081760,1.081720,1.081730,0
20160104 225000,1.081740,1.081740,1.081680,1.081700,0
20160104 225100,1.081690,1.081770,1.081660,1.081760,0
20160104 225200,1.081770,1.081790,1.081760,1.081790,0
20160104 225300,1.081820,1.081990,1.081820,1.081980,0
20160104 225400,1.081970,1.081980,1.081940,1.081980,0
20160104 225500,1.081970,1.082050,1.081970,1.082000,0
20160104 225600,1.082000,1.082120,1.082000,1.082010,0
20160104 225700,1.082020,1.082050,1.081910,1.081920,0
20160104 225800,1.081910,1.081930,1.081910,1.081920,0
20160104 225900,1.081910,1.081920,1.081910,1.081920,0
20160104 230000,1.081930,1.081970,1.081900,1.081920,0
20160104 230100,1.081920,1.081960,1.081920,1.081960,0
20160104 230200,1.081960,1.082000,1.081950,1.081970,0
20160104 230300,1.081980,1.082050,1.081980,1.082020,0
20160104 230400,1.081970,1.082010,1.081940,1.082010,0
20160104 230500,1.082010,1.082070,1.082010,1.082020,0
20160104 230600,1.082010,1.082010,1.082010,1.082010,0
20160104 230700,1.082000,1.082010,1.081990,1.082010,0
20160104 230800,1.082010,1.082010,1.082000,1.082000,0
20160104 230900,1.082020,1.082020,1.082010,1.082010,0
20160104 231000,1.082020,1.082110,1.082020,1.082100,0
20160104 231100,1.082110,1.082170,1.082100,1.082160,0
20160104 231200,1.082180,1.082300,1.082180,1.082300,0
20160104 231300,1.082290,1.082290,1.082200,1.082200,0
20160104 231400,1.082210,1.082330,1.082210,1.082320,0
20160104 231500,1.082340,1.082340,1.082250,1.082290,0
20160104 231600,1.082270,1.082360,1.082260,1.082360,0
20160104 231700,1.082340,1.082350,1.082300,1.082310,0
20160104 231800,1.082350,1.082410,1.082320,1.082410,0
20160104 231900,1.082410,1.082410,1.082380,1.082390,0
20160104 232000,1.082380,1.082400,1.082290,1.082290,0
20160104 232100,1.082300,1.082330,1.082290,1.082320,0
20160104 232200,1.082320,1.082330,1.082220,1.082230,0
20160104 232300,1.082230,1.082240,1.082200,1.082200,0
20160104 232400,1.082180,1.082370,1.082180,1.082300,0
20160104 232500,1.082280,1.082400,1.082280,1.082390,0
20160104 232600,1.082380,1.082390,1.082310,1.082310,0
20160104 232700,1.082310,1.082310,1.082180,1.082180,0
20160104 232800,1.082160,1.082160,1.082060,1.082070,0
20160104 232900,1.082080,1.082130,1.082080,1.082110,0
20160104 233000,1.082120,1.082320,1.082120,1.082310,0
20160104 233100,1.082320,1.082320,1.082220,1.082230,0
20160104 233200,1.082240,1.082290,1.082190,1.082280,0
20160104 233300,1.082270,1.082270,1.082150,1.082170,0
20160104 233400,1.082180,1.082220,1.082170,1.082200,0
20160104 233500,1.082200,1.082290,1.082160,1.082190,0
20160104 233600,1.082190,1.082450,1.082190,1.082410,0
20160104 233700,1.082410,1.082460,1.082410,1.082460,0
20160104 233800,1.082460,1.082460,1.082350,1.082360,0
20160104 233900,1.082390,1.082400,1.082340,1.082350,0
20160104 234000,1.082360,1.082410,1.082350,1.082370,0
20160104 234100,1.082390,1.082480,1.082370,1.082480,0
20160104 234200,1.082470,1.082500,1.082420,1.082460,0
20160104 234300,1.082470,1.082470,1.082430,1.082430,0
20160104 234400,1.082410,1.082410,1.082370,1.082370,0
20160104 234500,1.082370,1.082530,1.082370,1.082520,0
20160104 234600,1.082520,1.082570,1.082420,1.082480,0
20160104 234700,1.082490,1.082580,1.082470,1.082470,0
20160104 234800,1.082470,1.082500,1.082420,1.082490,0
20160104 234900,1.082500,1.082540,1.082490,1.082500,0
20160104 235000,1.082490,1.082490,1.082490,1.082490,0
20160104 235100,1.082490,1.082500,1.082480,1.082500,0
20160104 235200,1.082500,1.082500,1.082490,1.082490,0
20160104 235300,1.082490,1.082500,1.082490,1.082490,0
20160104 235400,1.082490,1.082500,1.082470,1.082470,0
20160104 235500,1.082500,1.082500,1.082370,1.082370,0
20160104 235600,1.082360,1.082430,1.082320,1.082430,0
20160104 235700,1.082420,1.082430,1.082290,1.082290,0
20160104 235800,1.082290,1.082340,1.082160,1.082250,0
20160104 235900,1.082230,1.082260,1.082180,1.082260,0